--
-- PostgreSQL database dump
--

-- Dumped from database version 15.8
-- Dumped by pg_dump version 15.8

SET statement_timeout = 0;
SET lock_timeout = 0;
SET idle_in_transaction_session_timeout = 0;
SET client_encoding = 'UTF8';
SET standard_conforming_strings = on;
SELECT pg_catalog.set_config('search_path', '', false);
SET check_function_bodies = false;
SET xmloption = content;
SET client_min_messages = warning;
SET row_security = off;

--
-- Name: public; Type: SCHEMA; Schema: -; Owner: pg_database_owner
--

CREATE SCHEMA public;


ALTER SCHEMA public OWNER TO pg_database_owner;

--
-- Name: SCHEMA public; Type: COMMENT; Schema: -; Owner: pg_database_owner
--

COMMENT ON SCHEMA public IS 'standard public schema';


SET default_tablespace = '';

SET default_table_access_method = heap;

--
-- Name: containers; Type: TABLE; Schema: public; Owner: supabase_admin
--

CREATE TABLE public.containers (
    id uuid DEFAULT gen_random_uuid() NOT NULL,
    name text NOT NULL,
    contents jsonb,
    current_slot_id uuid,
    current_storage_object_id uuid DEFAULT gen_random_uuid(),
    in_transit boolean,
    last_update timestamp with time zone,
    notes text,
    slots jsonb
);


ALTER TABLE public.containers OWNER TO supabase_admin;

--
-- Name: movements; Type: TABLE; Schema: public; Owner: supabase_admin
--

CREATE TABLE public.movements (
    id uuid DEFAULT gen_random_uuid() NOT NULL,
    container_id uuid NOT NULL,
    from_slot uuid,
    to_slot uuid DEFAULT gen_random_uuid(),
    "timestamp" timestamp with time zone DEFAULT now(),
    moved_by text
);


ALTER TABLE public.movements OWNER TO supabase_admin;

--
-- Name: TABLE movements; Type: COMMENT; Schema: public; Owner: supabase_admin
--

COMMENT ON TABLE public.movements IS 'Logging of movements';


--
-- Name: slots; Type: TABLE; Schema: public; Owner: supabase_admin
--

CREATE TABLE public.slots (
    id uuid DEFAULT gen_random_uuid() NOT NULL,
    storage_object_id uuid NOT NULL,
    name text,
    transform_to_object jsonb,
    status text DEFAULT '''available''::text'::text,
    container_id uuid
);


ALTER TABLE public.slots OWNER TO supabase_admin;

--
-- Name: TABLE slots; Type: COMMENT; Schema: public; Owner: supabase_admin
--

COMMENT ON TABLE public.slots IS 'Slots in Storage Objects';


--
-- Name: storage_objects; Type: TABLE; Schema: public; Owner: supabase_admin
--

CREATE TABLE public.storage_objects (
    id uuid DEFAULT gen_random_uuid() NOT NULL,
    name text NOT NULL,
    location text,
    parent_id uuid,
    transform_to_parent jsonb,
    description text
);


ALTER TABLE public.storage_objects OWNER TO supabase_admin;

--
-- Name: TABLE storage_objects; Type: COMMENT; Schema: public; Owner: supabase_admin
--

COMMENT ON TABLE public.storage_objects IS 'Storage Objects';


--
-- Data for Name: containers; Type: TABLE DATA; Schema: public; Owner: supabase_admin
--

INSERT INTO public.containers (id, name, contents, current_slot_id, current_storage_object_id, in_transit, last_update, notes, slots) VALUES ('69625f14-8e7b-40c5-80e8-9c9c1355787e', 'Cuvette_rack_1', '{}', NULL, NULL, NULL, '2025-10-31 08:54:09+00', NULL, '{"A1": [1, 0, 3], "A2": [1, 4]}');
INSERT INTO public.containers (id, name, contents, current_slot_id, current_storage_object_id, in_transit, last_update, notes, slots) VALUES ('b411fb2a-1f6b-4f8e-a99b-063bff998519', 'Container1', '{"chemical": "FehlingsA"}', '08b0667f-c45c-48d7-98ef-fa64e1ef44d1', NULL, NULL, '2025-10-30 09:46:34+00', NULL, NULL);
INSERT INTO public.containers (id, name, contents, current_slot_id, current_storage_object_id, in_transit, last_update, notes, slots) VALUES ('19b99868-4fc3-41c1-8758-6d4fc8a11059', 'Container4', NULL, '5a8e44e6-9fcd-49e1-a0c9-45190ff86e4e', '3d1b4309-ab56-4437-bda5-77fdc9b6f3f8', NULL, '2025-12-03 13:35:15+00', NULL, NULL);
INSERT INTO public.containers (id, name, contents, current_slot_id, current_storage_object_id, in_transit, last_update, notes, slots) VALUES ('4350a66d-00e6-47fa-89b5-fc346f795046', 'Container3', NULL, '65b5560b-17b4-4cce-a5e2-2f4bb3e202bb', 'b41ad3ad-162b-4801-ab11-557cf26b2883', false, '2025-12-03 10:27:25+00', NULL, NULL);
INSERT INTO public.containers (id, name, contents, current_slot_id, current_storage_object_id, in_transit, last_update, notes, slots) VALUES ('88fb1acf-61b6-4b77-acb8-758692dc19e5', 'Container2', NULL, '89552f9a-3682-4a12-ba60-90d6b46a0238', '3d1b4309-ab56-4437-bda5-77fdc9b6f3f8', false, '2025-11-27 11:00:28+00', NULL, NULL);


--
-- Data for Name: movements; Type: TABLE DATA; Schema: public; Owner: supabase_admin
--

INSERT INTO public.movements (id, container_id, from_slot, to_slot, "timestamp", moved_by) VALUES ('45fc6606-cda2-4c70-87fc-362a2307993b', 'b411fb2a-1f6b-4f8e-a99b-063bff998519', NULL, '08b0667f-c45c-48d7-98ef-fa64e1ef44d1', '2025-11-13 13:37:00.505697+00', 'Blochen');
INSERT INTO public.movements (id, container_id, from_slot, to_slot, "timestamp", moved_by) VALUES ('55c48701-c8dd-438f-956e-4363d1b1f685', 'b411fb2a-1f6b-4f8e-a99b-063bff998519', '08b0667f-c45c-48d7-98ef-fa64e1ef44d1', 'd0d65c6f-5855-4082-b168-04711f09ba28', '2025-11-18 12:16:32.071646+00', 'robot_system');
INSERT INTO public.movements (id, container_id, from_slot, to_slot, "timestamp", moved_by) VALUES ('73039d0b-9b79-4161-9d5b-ddee81f1a69b', 'b411fb2a-1f6b-4f8e-a99b-063bff998519', 'd0d65c6f-5855-4082-b168-04711f09ba28', '9264b323-a5c6-40e4-828e-4db2dece9146', '2025-11-18 12:18:32.9697+00', 'robot_system');
INSERT INTO public.movements (id, container_id, from_slot, to_slot, "timestamp", moved_by) VALUES ('233c07fe-ce38-4011-aa89-008c652d8ab0', 'b411fb2a-1f6b-4f8e-a99b-063bff998519', '9264b323-a5c6-40e4-828e-4db2dece9146', '08b0667f-c45c-48d7-98ef-fa64e1ef44d1', '2025-11-18 12:19:28.502234+00', 'Andes');
INSERT INTO public.movements (id, container_id, from_slot, to_slot, "timestamp", moved_by) VALUES ('bc1b7dd0-a398-4727-8cea-8146ae4bbc3f', 'b411fb2a-1f6b-4f8e-a99b-063bff998519', '08b0667f-c45c-48d7-98ef-fa64e1ef44d1', '77e232f8-c719-4e63-bfd0-14bd24d03f5c', '2025-11-18 12:19:49.116965+00', 'blochen');
INSERT INTO public.movements (id, container_id, from_slot, to_slot, "timestamp", moved_by) VALUES ('d20f0341-cf40-4407-bec2-4c18c73d91e7', 'b411fb2a-1f6b-4f8e-a99b-063bff998519', '77e232f8-c719-4e63-bfd0-14bd24d03f5c', 'd0d65c6f-5855-4082-b168-04711f09ba28', '2025-11-18 12:20:30.759082+00', 'robot_system');
INSERT INTO public.movements (id, container_id, from_slot, to_slot, "timestamp", moved_by) VALUES ('d1288781-7b13-41a9-adfb-93ea07d8e564', 'b411fb2a-1f6b-4f8e-a99b-063bff998519', 'd0d65c6f-5855-4082-b168-04711f09ba28', '5a8e44e6-9fcd-49e1-a0c9-45190ff86e4e', '2025-11-18 12:22:30.030882+00', 'aa');
INSERT INTO public.movements (id, container_id, from_slot, to_slot, "timestamp", moved_by) VALUES ('34033e75-2cf6-4edc-bc6e-9da0cfe59a85', 'b411fb2a-1f6b-4f8e-a99b-063bff998519', '5a8e44e6-9fcd-49e1-a0c9-45190ff86e4e', 'd0d65c6f-5855-4082-b168-04711f09ba28', '2025-11-18 12:25:35.497815+00', 'robot_system');
INSERT INTO public.movements (id, container_id, from_slot, to_slot, "timestamp", moved_by) VALUES ('20f60cc8-3dcd-4cbf-837a-12f3386050c0', 'b411fb2a-1f6b-4f8e-a99b-063bff998519', 'd0d65c6f-5855-4082-b168-04711f09ba28', '5a8e44e6-9fcd-49e1-a0c9-45190ff86e4e', '2025-11-18 12:28:22.924049+00', 'aa');
INSERT INTO public.movements (id, container_id, from_slot, to_slot, "timestamp", moved_by) VALUES ('26dcc199-6d6a-418f-a48b-221c92a951e4', 'b411fb2a-1f6b-4f8e-a99b-063bff998519', '5a8e44e6-9fcd-49e1-a0c9-45190ff86e4e', 'd0d65c6f-5855-4082-b168-04711f09ba28', '2025-11-18 12:29:50.650428+00', 'robot_system');
INSERT INTO public.movements (id, container_id, from_slot, to_slot, "timestamp", moved_by) VALUES ('a3d14219-6042-4b04-b260-1c641e0d3d66', 'b411fb2a-1f6b-4f8e-a99b-063bff998519', 'd0d65c6f-5855-4082-b168-04711f09ba28', '65b5560b-17b4-4cce-a5e2-2f4bb3e202bb', '2025-11-18 12:33:14.731764+00', 'aa');
INSERT INTO public.movements (id, container_id, from_slot, to_slot, "timestamp", moved_by) VALUES ('73490cbe-38bc-45e3-8f16-217d56da7061', 'b411fb2a-1f6b-4f8e-a99b-063bff998519', '65b5560b-17b4-4cce-a5e2-2f4bb3e202bb', 'd0d65c6f-5855-4082-b168-04711f09ba28', '2025-11-18 12:37:08.628307+00', 'robot_system');
INSERT INTO public.movements (id, container_id, from_slot, to_slot, "timestamp", moved_by) VALUES ('35b11a1f-da81-4d4e-a824-7acb2f4b0094', 'b411fb2a-1f6b-4f8e-a99b-063bff998519', 'd0d65c6f-5855-4082-b168-04711f09ba28', '08b0667f-c45c-48d7-98ef-fa64e1ef44d1', '2025-11-18 13:59:14.307714+00', 'aa');
INSERT INTO public.movements (id, container_id, from_slot, to_slot, "timestamp", moved_by) VALUES ('8f76cb78-e2b0-43eb-9b3c-4e228ab295f7', 'b411fb2a-1f6b-4f8e-a99b-063bff998519', '08b0667f-c45c-48d7-98ef-fa64e1ef44d1', 'd0d65c6f-5855-4082-b168-04711f09ba28', '2025-11-18 14:00:54.278654+00', 'robot_system');
INSERT INTO public.movements (id, container_id, from_slot, to_slot, "timestamp", moved_by) VALUES ('16f26d0c-b010-4d09-a37b-d7ca1aa0933a', 'b411fb2a-1f6b-4f8e-a99b-063bff998519', 'd0d65c6f-5855-4082-b168-04711f09ba28', '08b0667f-c45c-48d7-98ef-fa64e1ef44d1', '2025-11-19 12:00:16.883701+00', 'aa');
INSERT INTO public.movements (id, container_id, from_slot, to_slot, "timestamp", moved_by) VALUES ('cfdf5d63-4165-4842-94d8-5104acee1f7e', 'b411fb2a-1f6b-4f8e-a99b-063bff998519', '08b0667f-c45c-48d7-98ef-fa64e1ef44d1', 'd0d65c6f-5855-4082-b168-04711f09ba28', '2025-11-19 12:01:06.686338+00', 'robot_system');
INSERT INTO public.movements (id, container_id, from_slot, to_slot, "timestamp", moved_by) VALUES ('022004f0-9952-4fd5-800c-ad8917d7c617', 'b411fb2a-1f6b-4f8e-a99b-063bff998519', 'd0d65c6f-5855-4082-b168-04711f09ba28', '08b0667f-c45c-48d7-98ef-fa64e1ef44d1', '2025-11-19 12:02:20.30639+00', 'aa');
INSERT INTO public.movements (id, container_id, from_slot, to_slot, "timestamp", moved_by) VALUES ('a3a7a430-efd8-4975-b00f-f281f4e7ad93', 'b411fb2a-1f6b-4f8e-a99b-063bff998519', '08b0667f-c45c-48d7-98ef-fa64e1ef44d1', 'd0d65c6f-5855-4082-b168-04711f09ba28', '2025-11-19 12:03:07.284019+00', 'robot_system');
INSERT INTO public.movements (id, container_id, from_slot, to_slot, "timestamp", moved_by) VALUES ('2ebee2c5-08ca-4648-899a-c2d35cf9b29a', 'b411fb2a-1f6b-4f8e-a99b-063bff998519', 'd0d65c6f-5855-4082-b168-04711f09ba28', '65b5560b-17b4-4cce-a5e2-2f4bb3e202bb', '2025-11-20 08:47:41.14119+00', 'aa');
INSERT INTO public.movements (id, container_id, from_slot, to_slot, "timestamp", moved_by) VALUES ('bab0cb0f-f63c-4f60-a317-e46d30fa086b', 'b411fb2a-1f6b-4f8e-a99b-063bff998519', '65b5560b-17b4-4cce-a5e2-2f4bb3e202bb', 'd0d65c6f-5855-4082-b168-04711f09ba28', '2025-11-20 08:52:35.022919+00', 'robot_system');
INSERT INTO public.movements (id, container_id, from_slot, to_slot, "timestamp", moved_by) VALUES ('c1babbad-3fab-4239-8188-c3716092c243', 'b411fb2a-1f6b-4f8e-a99b-063bff998519', 'd0d65c6f-5855-4082-b168-04711f09ba28', '9264b323-a5c6-40e4-828e-4db2dece9146', '2025-11-20 08:53:35.763883+00', 'robot_system');
INSERT INTO public.movements (id, container_id, from_slot, to_slot, "timestamp", moved_by) VALUES ('11f3e427-987f-4813-a917-b55a20ca24f1', 'b411fb2a-1f6b-4f8e-a99b-063bff998519', '9264b323-a5c6-40e4-828e-4db2dece9146', '65b5560b-17b4-4cce-a5e2-2f4bb3e202bb', '2025-11-20 08:56:31.876863+00', 'aa');
INSERT INTO public.movements (id, container_id, from_slot, to_slot, "timestamp", moved_by) VALUES ('008399d0-572f-40f7-a20d-e6f57db15699', 'b411fb2a-1f6b-4f8e-a99b-063bff998519', '65b5560b-17b4-4cce-a5e2-2f4bb3e202bb', 'd0d65c6f-5855-4082-b168-04711f09ba28', '2025-11-20 08:58:14.305726+00', 'robot_system');
INSERT INTO public.movements (id, container_id, from_slot, to_slot, "timestamp", moved_by) VALUES ('908755b8-7f75-4867-9581-c07fa270aa70', 'b411fb2a-1f6b-4f8e-a99b-063bff998519', 'd0d65c6f-5855-4082-b168-04711f09ba28', '9264b323-a5c6-40e4-828e-4db2dece9146', '2025-11-20 08:59:41.107225+00', 'robot_system');
INSERT INTO public.movements (id, container_id, from_slot, to_slot, "timestamp", moved_by) VALUES ('43a7f622-56ba-47b6-bd01-63ac30b6ae6d', 'b411fb2a-1f6b-4f8e-a99b-063bff998519', '9264b323-a5c6-40e4-828e-4db2dece9146', '08b0667f-c45c-48d7-98ef-fa64e1ef44d1', '2025-11-20 09:07:25.355237+00', 'robot_system');
INSERT INTO public.movements (id, container_id, from_slot, to_slot, "timestamp", moved_by) VALUES ('990d79b8-dd4e-4c09-b20b-6f964039f5dc', 'b411fb2a-1f6b-4f8e-a99b-063bff998519', '08b0667f-c45c-48d7-98ef-fa64e1ef44d1', 'd0d65c6f-5855-4082-b168-04711f09ba28', '2025-11-20 09:08:09.847989+00', 'robot_system');
INSERT INTO public.movements (id, container_id, from_slot, to_slot, "timestamp", moved_by) VALUES ('47d35367-6def-4b29-abef-5d58fe068e99', 'b411fb2a-1f6b-4f8e-a99b-063bff998519', 'd0d65c6f-5855-4082-b168-04711f09ba28', '08b0667f-c45c-48d7-98ef-fa64e1ef44d1', '2025-11-20 09:08:45.620337+00', 'robot_system');
INSERT INTO public.movements (id, container_id, from_slot, to_slot, "timestamp", moved_by) VALUES ('e6831e13-35c7-4e58-9169-e1d402d256f5', 'b411fb2a-1f6b-4f8e-a99b-063bff998519', '08b0667f-c45c-48d7-98ef-fa64e1ef44d1', 'd0d65c6f-5855-4082-b168-04711f09ba28', '2025-11-20 09:09:18.918761+00', 'robot_system');
INSERT INTO public.movements (id, container_id, from_slot, to_slot, "timestamp", moved_by) VALUES ('5a801c54-a104-43a1-ab33-bcffcb0741d4', 'b411fb2a-1f6b-4f8e-a99b-063bff998519', 'd0d65c6f-5855-4082-b168-04711f09ba28', '08b0667f-c45c-48d7-98ef-fa64e1ef44d1', '2025-11-20 09:09:53.162549+00', 'robot_system');
INSERT INTO public.movements (id, container_id, from_slot, to_slot, "timestamp", moved_by) VALUES ('f081feec-cc5f-4711-9d08-3dbb6d6b71ff', 'b411fb2a-1f6b-4f8e-a99b-063bff998519', '08b0667f-c45c-48d7-98ef-fa64e1ef44d1', 'd0d65c6f-5855-4082-b168-04711f09ba28', '2025-11-20 09:10:27.790192+00', 'robot_system');
INSERT INTO public.movements (id, container_id, from_slot, to_slot, "timestamp", moved_by) VALUES ('ddbe99d4-3273-4e41-8e35-e4e2e8c2be61', 'b411fb2a-1f6b-4f8e-a99b-063bff998519', 'd0d65c6f-5855-4082-b168-04711f09ba28', '08b0667f-c45c-48d7-98ef-fa64e1ef44d1', '2025-11-20 09:11:01.452629+00', 'robot_system');
INSERT INTO public.movements (id, container_id, from_slot, to_slot, "timestamp", moved_by) VALUES ('739f76f5-7190-4d33-b26b-7e88c7b2e672', 'b411fb2a-1f6b-4f8e-a99b-063bff998519', '08b0667f-c45c-48d7-98ef-fa64e1ef44d1', '89552f9a-3682-4a12-ba60-90d6b46a0238', '2025-11-21 09:16:45.652872+00', 'aa');
INSERT INTO public.movements (id, container_id, from_slot, to_slot, "timestamp", moved_by) VALUES ('bc01d8de-ddbe-4d6a-8921-010344f11cd0', 'b411fb2a-1f6b-4f8e-a99b-063bff998519', '89552f9a-3682-4a12-ba60-90d6b46a0238', 'd0d65c6f-5855-4082-b168-04711f09ba28', '2025-11-21 09:27:07.408749+00', 'robot_system');
INSERT INTO public.movements (id, container_id, from_slot, to_slot, "timestamp", moved_by) VALUES ('979c98ae-a1e4-49df-9519-795377a9320b', 'b411fb2a-1f6b-4f8e-a99b-063bff998519', 'd0d65c6f-5855-4082-b168-04711f09ba28', '89552f9a-3682-4a12-ba60-90d6b46a0238', '2025-11-21 09:39:09.620633+00', 'aa');
INSERT INTO public.movements (id, container_id, from_slot, to_slot, "timestamp", moved_by) VALUES ('ab4eb415-484b-4a5f-9059-72efd0783edc', 'b411fb2a-1f6b-4f8e-a99b-063bff998519', '89552f9a-3682-4a12-ba60-90d6b46a0238', 'd0d65c6f-5855-4082-b168-04711f09ba28', '2025-11-21 09:39:48.8451+00', 'robot_system');
INSERT INTO public.movements (id, container_id, from_slot, to_slot, "timestamp", moved_by) VALUES ('65e0ca39-f153-4566-a8b2-8bcd807a87f3', 'b411fb2a-1f6b-4f8e-a99b-063bff998519', 'd0d65c6f-5855-4082-b168-04711f09ba28', '9264b323-a5c6-40e4-828e-4db2dece9146', '2025-11-21 09:45:18.85176+00', 'robot_system');
INSERT INTO public.movements (id, container_id, from_slot, to_slot, "timestamp", moved_by) VALUES ('5acf6aab-99e9-4fae-b0bf-c22c3afdc4a2', 'b411fb2a-1f6b-4f8e-a99b-063bff998519', '9264b323-a5c6-40e4-828e-4db2dece9146', 'd0d65c6f-5855-4082-b168-04711f09ba28', '2025-11-21 10:30:58.248907+00', 'robot_system');
INSERT INTO public.movements (id, container_id, from_slot, to_slot, "timestamp", moved_by) VALUES ('2991dae6-e778-42d1-b377-aa15b0625430', 'b411fb2a-1f6b-4f8e-a99b-063bff998519', 'd0d65c6f-5855-4082-b168-04711f09ba28', '89552f9a-3682-4a12-ba60-90d6b46a0238', '2025-11-21 10:32:19.753156+00', 'aa');
INSERT INTO public.movements (id, container_id, from_slot, to_slot, "timestamp", moved_by) VALUES ('df19129f-5de0-4819-a78f-8fb87be543ea', 'b411fb2a-1f6b-4f8e-a99b-063bff998519', '89552f9a-3682-4a12-ba60-90d6b46a0238', '89552f9a-3682-4a12-ba60-90d6b46a0238', '2025-11-21 10:34:49.668392+00', 'aa');
INSERT INTO public.movements (id, container_id, from_slot, to_slot, "timestamp", moved_by) VALUES ('e390d954-e9ec-4ed7-a0a7-b2c72fcd5e36', 'b411fb2a-1f6b-4f8e-a99b-063bff998519', '89552f9a-3682-4a12-ba60-90d6b46a0238', 'd0d65c6f-5855-4082-b168-04711f09ba28', '2025-11-21 10:35:42.363758+00', 'robot_system');
INSERT INTO public.movements (id, container_id, from_slot, to_slot, "timestamp", moved_by) VALUES ('8ed7e2a2-9c5c-4429-a555-1d9b7ec2089e', 'b411fb2a-1f6b-4f8e-a99b-063bff998519', 'd0d65c6f-5855-4082-b168-04711f09ba28', '89552f9a-3682-4a12-ba60-90d6b46a0238', '2025-11-21 10:35:55.239821+00', 'aa');
INSERT INTO public.movements (id, container_id, from_slot, to_slot, "timestamp", moved_by) VALUES ('00b8454e-c4ba-4650-8fa6-f3f75d5af6c5', 'b411fb2a-1f6b-4f8e-a99b-063bff998519', '89552f9a-3682-4a12-ba60-90d6b46a0238', 'd0d65c6f-5855-4082-b168-04711f09ba28', '2025-11-21 10:37:32.325755+00', 'robot_system');
INSERT INTO public.movements (id, container_id, from_slot, to_slot, "timestamp", moved_by) VALUES ('7a6f2a6d-ec0a-4fb7-b762-dac4c0275636', 'b411fb2a-1f6b-4f8e-a99b-063bff998519', 'd0d65c6f-5855-4082-b168-04711f09ba28', '9264b323-a5c6-40e4-828e-4db2dece9146', '2025-11-21 10:43:34.567146+00', 'robot_system');
INSERT INTO public.movements (id, container_id, from_slot, to_slot, "timestamp", moved_by) VALUES ('67e796f9-fbf0-4bf8-afe7-0ddac6cc5e9b', 'b411fb2a-1f6b-4f8e-a99b-063bff998519', '9264b323-a5c6-40e4-828e-4db2dece9146', 'd0d65c6f-5855-4082-b168-04711f09ba28', '2025-11-21 10:46:39.721539+00', 'robot_system');
INSERT INTO public.movements (id, container_id, from_slot, to_slot, "timestamp", moved_by) VALUES ('0752ebdf-d37a-4b60-b21a-361bd8a98fae', 'b411fb2a-1f6b-4f8e-a99b-063bff998519', 'd0d65c6f-5855-4082-b168-04711f09ba28', '89552f9a-3682-4a12-ba60-90d6b46a0238', '2025-11-21 10:47:48.72491+00', 'aa');
INSERT INTO public.movements (id, container_id, from_slot, to_slot, "timestamp", moved_by) VALUES ('18418851-08dd-4b72-b806-023b321da32b', 'b411fb2a-1f6b-4f8e-a99b-063bff998519', '89552f9a-3682-4a12-ba60-90d6b46a0238', '89552f9a-3682-4a12-ba60-90d6b46a0238', '2025-11-21 10:48:40.350015+00', 'aa');
INSERT INTO public.movements (id, container_id, from_slot, to_slot, "timestamp", moved_by) VALUES ('2b8f0ebd-1dc7-4aea-8086-b11aa74e2863', 'b411fb2a-1f6b-4f8e-a99b-063bff998519', '89552f9a-3682-4a12-ba60-90d6b46a0238', 'd0d65c6f-5855-4082-b168-04711f09ba28', '2025-11-21 10:48:41.451012+00', 'robot_system');
INSERT INTO public.movements (id, container_id, from_slot, to_slot, "timestamp", moved_by) VALUES ('eef231b1-0f57-48f9-82c7-bffe5afab396', 'b411fb2a-1f6b-4f8e-a99b-063bff998519', 'd0d65c6f-5855-4082-b168-04711f09ba28', '9264b323-a5c6-40e4-828e-4db2dece9146', '2025-11-21 10:49:45.908014+00', 'robot_system');
INSERT INTO public.movements (id, container_id, from_slot, to_slot, "timestamp", moved_by) VALUES ('1770b705-ca3f-4fb8-9e5c-f671d98f586b', 'b411fb2a-1f6b-4f8e-a99b-063bff998519', '9264b323-a5c6-40e4-828e-4db2dece9146', '89552f9a-3682-4a12-ba60-90d6b46a0238', '2025-11-21 10:50:47.642281+00', 'aa');
INSERT INTO public.movements (id, container_id, from_slot, to_slot, "timestamp", moved_by) VALUES ('eb22c920-5ce4-4293-97aa-a341bf644ff6', 'b411fb2a-1f6b-4f8e-a99b-063bff998519', '89552f9a-3682-4a12-ba60-90d6b46a0238', 'd0d65c6f-5855-4082-b168-04711f09ba28', '2025-11-21 10:51:51.423621+00', 'robot_system');
INSERT INTO public.movements (id, container_id, from_slot, to_slot, "timestamp", moved_by) VALUES ('4f7d9168-8eef-45b6-805b-829ca13fb03b', 'b411fb2a-1f6b-4f8e-a99b-063bff998519', 'd0d65c6f-5855-4082-b168-04711f09ba28', '89552f9a-3682-4a12-ba60-90d6b46a0238', '2025-11-21 10:52:36.999251+00', 'aa');
INSERT INTO public.movements (id, container_id, from_slot, to_slot, "timestamp", moved_by) VALUES ('14f3dbf6-f437-4a93-a67f-a56c8d0d915e', 'b411fb2a-1f6b-4f8e-a99b-063bff998519', '89552f9a-3682-4a12-ba60-90d6b46a0238', 'd0d65c6f-5855-4082-b168-04711f09ba28', '2025-11-21 10:55:10.606369+00', 'robot_system');
INSERT INTO public.movements (id, container_id, from_slot, to_slot, "timestamp", moved_by) VALUES ('86780d8d-c92f-45e1-a285-6bdd958bca9b', 'b411fb2a-1f6b-4f8e-a99b-063bff998519', 'd0d65c6f-5855-4082-b168-04711f09ba28', '89552f9a-3682-4a12-ba60-90d6b46a0238', '2025-11-21 10:55:53.338695+00', 'aa');
INSERT INTO public.movements (id, container_id, from_slot, to_slot, "timestamp", moved_by) VALUES ('37032f82-35f9-4ee9-bad7-10dc41811533', 'b411fb2a-1f6b-4f8e-a99b-063bff998519', '89552f9a-3682-4a12-ba60-90d6b46a0238', 'd0d65c6f-5855-4082-b168-04711f09ba28', '2025-11-21 10:57:35.44155+00', 'robot_system');
INSERT INTO public.movements (id, container_id, from_slot, to_slot, "timestamp", moved_by) VALUES ('a89f4bc0-c32c-479c-adac-334edd65bfc0', 'b411fb2a-1f6b-4f8e-a99b-063bff998519', 'd0d65c6f-5855-4082-b168-04711f09ba28', '9264b323-a5c6-40e4-828e-4db2dece9146', '2025-11-21 11:11:28.364201+00', 'robot_system');
INSERT INTO public.movements (id, container_id, from_slot, to_slot, "timestamp", moved_by) VALUES ('4d73f702-4057-4984-81a5-3e92c8f60504', 'b411fb2a-1f6b-4f8e-a99b-063bff998519', '9264b323-a5c6-40e4-828e-4db2dece9146', '89552f9a-3682-4a12-ba60-90d6b46a0238', '2025-11-21 11:23:18.468026+00', 'aa');
INSERT INTO public.movements (id, container_id, from_slot, to_slot, "timestamp", moved_by) VALUES ('c2de6006-e57f-4864-bc3f-643b24196290', 'b411fb2a-1f6b-4f8e-a99b-063bff998519', '89552f9a-3682-4a12-ba60-90d6b46a0238', 'd0d65c6f-5855-4082-b168-04711f09ba28', '2025-11-21 11:25:38.552904+00', 'robot_system');
INSERT INTO public.movements (id, container_id, from_slot, to_slot, "timestamp", moved_by) VALUES ('09932b29-7ac5-4172-bd89-135cd956bbfd', 'b411fb2a-1f6b-4f8e-a99b-063bff998519', 'd0d65c6f-5855-4082-b168-04711f09ba28', '89552f9a-3682-4a12-ba60-90d6b46a0238', '2025-11-21 11:25:46.472159+00', 'aa');
INSERT INTO public.movements (id, container_id, from_slot, to_slot, "timestamp", moved_by) VALUES ('d08542f5-e6bf-446c-aa61-dd91c626f893', 'b411fb2a-1f6b-4f8e-a99b-063bff998519', '89552f9a-3682-4a12-ba60-90d6b46a0238', '89552f9a-3682-4a12-ba60-90d6b46a0238', '2025-11-21 11:28:27.411763+00', 'aa');
INSERT INTO public.movements (id, container_id, from_slot, to_slot, "timestamp", moved_by) VALUES ('13d3a848-42e1-4224-99c5-e7c262b6196b', 'b411fb2a-1f6b-4f8e-a99b-063bff998519', '89552f9a-3682-4a12-ba60-90d6b46a0238', 'd0d65c6f-5855-4082-b168-04711f09ba28', '2025-11-21 11:32:21.844964+00', 'robot_system');
INSERT INTO public.movements (id, container_id, from_slot, to_slot, "timestamp", moved_by) VALUES ('1e75e3a9-a761-4d4b-b39c-0a30e7746b98', 'b411fb2a-1f6b-4f8e-a99b-063bff998519', 'd0d65c6f-5855-4082-b168-04711f09ba28', '89552f9a-3682-4a12-ba60-90d6b46a0238', '2025-11-21 11:32:28.498462+00', 'aa');
INSERT INTO public.movements (id, container_id, from_slot, to_slot, "timestamp", moved_by) VALUES ('c8cba7fc-34f9-4ec1-bee6-306442b49818', 'b411fb2a-1f6b-4f8e-a99b-063bff998519', '89552f9a-3682-4a12-ba60-90d6b46a0238', 'd0d65c6f-5855-4082-b168-04711f09ba28', '2025-11-21 11:35:35.667335+00', 'robot_system');
INSERT INTO public.movements (id, container_id, from_slot, to_slot, "timestamp", moved_by) VALUES ('aea017c8-9b91-463f-9391-4ce06ee3687a', 'b411fb2a-1f6b-4f8e-a99b-063bff998519', 'd0d65c6f-5855-4082-b168-04711f09ba28', '89552f9a-3682-4a12-ba60-90d6b46a0238', '2025-11-21 11:38:22.20222+00', 'aa');
INSERT INTO public.movements (id, container_id, from_slot, to_slot, "timestamp", moved_by) VALUES ('88bb4b7a-e050-419b-9440-0dec1b35a878', 'b411fb2a-1f6b-4f8e-a99b-063bff998519', '89552f9a-3682-4a12-ba60-90d6b46a0238', 'd0d65c6f-5855-4082-b168-04711f09ba28', '2025-11-21 11:40:17.325845+00', 'robot_system');
INSERT INTO public.movements (id, container_id, from_slot, to_slot, "timestamp", moved_by) VALUES ('82623eef-f17b-4718-aae1-5c93cd01bab4', 'b411fb2a-1f6b-4f8e-a99b-063bff998519', 'd0d65c6f-5855-4082-b168-04711f09ba28', '89552f9a-3682-4a12-ba60-90d6b46a0238', '2025-11-21 11:40:26.175493+00', 'aa');
INSERT INTO public.movements (id, container_id, from_slot, to_slot, "timestamp", moved_by) VALUES ('fc8db70d-72b3-4146-89ca-8f58f3793a4c', 'b411fb2a-1f6b-4f8e-a99b-063bff998519', '89552f9a-3682-4a12-ba60-90d6b46a0238', 'd0d65c6f-5855-4082-b168-04711f09ba28', '2025-11-21 11:43:27.75991+00', 'robot_system');
INSERT INTO public.movements (id, container_id, from_slot, to_slot, "timestamp", moved_by) VALUES ('99f2ad2c-215a-4f5a-8bcb-ec31ce2bf2e7', 'b411fb2a-1f6b-4f8e-a99b-063bff998519', 'd0d65c6f-5855-4082-b168-04711f09ba28', '89552f9a-3682-4a12-ba60-90d6b46a0238', '2025-11-21 11:45:51.482588+00', 'aa');
INSERT INTO public.movements (id, container_id, from_slot, to_slot, "timestamp", moved_by) VALUES ('df30657d-5302-4e20-af0b-1a13984cf039', 'b411fb2a-1f6b-4f8e-a99b-063bff998519', '89552f9a-3682-4a12-ba60-90d6b46a0238', 'd0d65c6f-5855-4082-b168-04711f09ba28', '2025-11-21 11:46:57.662682+00', 'robot_system');
INSERT INTO public.movements (id, container_id, from_slot, to_slot, "timestamp", moved_by) VALUES ('c775b734-c407-46bd-9110-63ea34fa19ab', 'b411fb2a-1f6b-4f8e-a99b-063bff998519', 'd0d65c6f-5855-4082-b168-04711f09ba28', '89552f9a-3682-4a12-ba60-90d6b46a0238', '2025-11-21 11:48:31.056188+00', 'aa');
INSERT INTO public.movements (id, container_id, from_slot, to_slot, "timestamp", moved_by) VALUES ('45f8b426-64c6-46aa-8977-140b942c3a25', 'b411fb2a-1f6b-4f8e-a99b-063bff998519', '89552f9a-3682-4a12-ba60-90d6b46a0238', '89552f9a-3682-4a12-ba60-90d6b46a0238', '2025-11-21 11:53:21.577568+00', 'aa');
INSERT INTO public.movements (id, container_id, from_slot, to_slot, "timestamp", moved_by) VALUES ('2508adf8-b1bf-4608-ac89-82ae28ce46da', 'b411fb2a-1f6b-4f8e-a99b-063bff998519', '89552f9a-3682-4a12-ba60-90d6b46a0238', 'd0d65c6f-5855-4082-b168-04711f09ba28', '2025-11-21 11:54:50.60507+00', 'robot_system');
INSERT INTO public.movements (id, container_id, from_slot, to_slot, "timestamp", moved_by) VALUES ('94f27330-47c9-436a-a357-bbd4c3a6f6ff', 'b411fb2a-1f6b-4f8e-a99b-063bff998519', 'd0d65c6f-5855-4082-b168-04711f09ba28', '89552f9a-3682-4a12-ba60-90d6b46a0238', '2025-11-21 11:59:31.199108+00', 'aa');
INSERT INTO public.movements (id, container_id, from_slot, to_slot, "timestamp", moved_by) VALUES ('455a1494-a780-4c28-9455-8d5d181f94cf', 'b411fb2a-1f6b-4f8e-a99b-063bff998519', '89552f9a-3682-4a12-ba60-90d6b46a0238', 'd0d65c6f-5855-4082-b168-04711f09ba28', '2025-11-21 12:02:24.864337+00', 'robot_system');
INSERT INTO public.movements (id, container_id, from_slot, to_slot, "timestamp", moved_by) VALUES ('20e7a658-5c16-4293-874b-75741fae30a2', 'b411fb2a-1f6b-4f8e-a99b-063bff998519', 'd0d65c6f-5855-4082-b168-04711f09ba28', '89552f9a-3682-4a12-ba60-90d6b46a0238', '2025-11-21 12:03:46.702837+00', 'aa');
INSERT INTO public.movements (id, container_id, from_slot, to_slot, "timestamp", moved_by) VALUES ('b20781e4-3b78-449c-92cc-b1376b48d919', 'b411fb2a-1f6b-4f8e-a99b-063bff998519', '89552f9a-3682-4a12-ba60-90d6b46a0238', 'd0d65c6f-5855-4082-b168-04711f09ba28', '2025-11-21 12:06:25.86341+00', 'robot_system');
INSERT INTO public.movements (id, container_id, from_slot, to_slot, "timestamp", moved_by) VALUES ('0b404834-ef60-485a-8845-4a917d409b28', 'b411fb2a-1f6b-4f8e-a99b-063bff998519', 'd0d65c6f-5855-4082-b168-04711f09ba28', '89552f9a-3682-4a12-ba60-90d6b46a0238', '2025-11-21 12:08:59.474488+00', 'a');
INSERT INTO public.movements (id, container_id, from_slot, to_slot, "timestamp", moved_by) VALUES ('7f93a721-a06c-44fc-a09d-0cf2d1b5d2b1', 'b411fb2a-1f6b-4f8e-a99b-063bff998519', '89552f9a-3682-4a12-ba60-90d6b46a0238', '89552f9a-3682-4a12-ba60-90d6b46a0238', '2025-11-21 12:09:43.434522+00', 'aa');
INSERT INTO public.movements (id, container_id, from_slot, to_slot, "timestamp", moved_by) VALUES ('59d8804a-a007-4abb-b1ed-cb02bba5df95', 'b411fb2a-1f6b-4f8e-a99b-063bff998519', '89552f9a-3682-4a12-ba60-90d6b46a0238', 'd0d65c6f-5855-4082-b168-04711f09ba28', '2025-11-21 12:09:43.619936+00', 'robot_system');
INSERT INTO public.movements (id, container_id, from_slot, to_slot, "timestamp", moved_by) VALUES ('98608285-1b80-49d1-8888-4f7df0fa24a7', 'b411fb2a-1f6b-4f8e-a99b-063bff998519', 'd0d65c6f-5855-4082-b168-04711f09ba28', '89552f9a-3682-4a12-ba60-90d6b46a0238', '2025-11-21 12:10:42.192724+00', 'aa');
INSERT INTO public.movements (id, container_id, from_slot, to_slot, "timestamp", moved_by) VALUES ('0ebaee3c-7ab8-4078-82cf-f10ed3bde8b1', 'b411fb2a-1f6b-4f8e-a99b-063bff998519', '89552f9a-3682-4a12-ba60-90d6b46a0238', '89552f9a-3682-4a12-ba60-90d6b46a0238', '2025-11-21 12:11:48.499855+00', 'aa');
INSERT INTO public.movements (id, container_id, from_slot, to_slot, "timestamp", moved_by) VALUES ('40a8afa6-9b23-41a9-8183-0a17274d74bf', 'b411fb2a-1f6b-4f8e-a99b-063bff998519', '89552f9a-3682-4a12-ba60-90d6b46a0238', 'd0d65c6f-5855-4082-b168-04711f09ba28', '2025-11-21 12:15:06.475923+00', 'robot_system');
INSERT INTO public.movements (id, container_id, from_slot, to_slot, "timestamp", moved_by) VALUES ('2038c755-e4c8-4c76-bcf7-243b0a5c7300', 'b411fb2a-1f6b-4f8e-a99b-063bff998519', 'd0d65c6f-5855-4082-b168-04711f09ba28', '89552f9a-3682-4a12-ba60-90d6b46a0238', '2025-11-21 12:15:41.532071+00', 'aa');
INSERT INTO public.movements (id, container_id, from_slot, to_slot, "timestamp", moved_by) VALUES ('b98c5cff-7e2b-40fd-a809-1497f8379510', 'b411fb2a-1f6b-4f8e-a99b-063bff998519', '89552f9a-3682-4a12-ba60-90d6b46a0238', 'd0d65c6f-5855-4082-b168-04711f09ba28', '2025-11-21 12:18:20.148756+00', 'robot_system');
INSERT INTO public.movements (id, container_id, from_slot, to_slot, "timestamp", moved_by) VALUES ('d77c17d0-e871-47c5-96d0-a955bcb0d27c', 'b411fb2a-1f6b-4f8e-a99b-063bff998519', 'd0d65c6f-5855-4082-b168-04711f09ba28', '89552f9a-3682-4a12-ba60-90d6b46a0238', '2025-11-21 12:19:34.56254+00', 'aa');
INSERT INTO public.movements (id, container_id, from_slot, to_slot, "timestamp", moved_by) VALUES ('7c504214-2575-47ce-a094-203330cff62a', 'b411fb2a-1f6b-4f8e-a99b-063bff998519', '89552f9a-3682-4a12-ba60-90d6b46a0238', 'd0d65c6f-5855-4082-b168-04711f09ba28', '2025-11-21 12:20:37.653467+00', 'robot_system');
INSERT INTO public.movements (id, container_id, from_slot, to_slot, "timestamp", moved_by) VALUES ('064a5cfd-d413-42d2-beb8-77156fdb78b4', 'b411fb2a-1f6b-4f8e-a99b-063bff998519', 'd0d65c6f-5855-4082-b168-04711f09ba28', '89552f9a-3682-4a12-ba60-90d6b46a0238', '2025-11-21 12:21:50.069577+00', 'aa');
INSERT INTO public.movements (id, container_id, from_slot, to_slot, "timestamp", moved_by) VALUES ('48434c3d-fa58-4e64-b8a2-37fd0646014f', 'b411fb2a-1f6b-4f8e-a99b-063bff998519', '89552f9a-3682-4a12-ba60-90d6b46a0238', '89552f9a-3682-4a12-ba60-90d6b46a0238', '2025-11-21 12:24:15.525342+00', 'aa');
INSERT INTO public.movements (id, container_id, from_slot, to_slot, "timestamp", moved_by) VALUES ('9194ec4f-773f-47d6-988a-4c4f5c5e2b40', 'b411fb2a-1f6b-4f8e-a99b-063bff998519', '89552f9a-3682-4a12-ba60-90d6b46a0238', 'd0d65c6f-5855-4082-b168-04711f09ba28', '2025-11-21 12:26:10.492403+00', 'robot_system');
INSERT INTO public.movements (id, container_id, from_slot, to_slot, "timestamp", moved_by) VALUES ('be21edfc-1906-44d4-be2e-211f4654eb7b', 'b411fb2a-1f6b-4f8e-a99b-063bff998519', 'd0d65c6f-5855-4082-b168-04711f09ba28', '89552f9a-3682-4a12-ba60-90d6b46a0238', '2025-11-21 12:29:59.272696+00', 'a');
INSERT INTO public.movements (id, container_id, from_slot, to_slot, "timestamp", moved_by) VALUES ('1f773cd7-8907-4ce0-9a4f-5f7ca351b844', 'b411fb2a-1f6b-4f8e-a99b-063bff998519', '89552f9a-3682-4a12-ba60-90d6b46a0238', '89552f9a-3682-4a12-ba60-90d6b46a0238', '2025-11-21 12:34:00.342652+00', 'aa');
INSERT INTO public.movements (id, container_id, from_slot, to_slot, "timestamp", moved_by) VALUES ('af9e6599-2592-4516-a986-a8043ba2dcf0', 'b411fb2a-1f6b-4f8e-a99b-063bff998519', '89552f9a-3682-4a12-ba60-90d6b46a0238', 'd0d65c6f-5855-4082-b168-04711f09ba28', '2025-11-21 12:36:31.08456+00', 'robot_system');
INSERT INTO public.movements (id, container_id, from_slot, to_slot, "timestamp", moved_by) VALUES ('9baedeef-89d1-49d2-90df-321db55ad00d', 'b411fb2a-1f6b-4f8e-a99b-063bff998519', 'd0d65c6f-5855-4082-b168-04711f09ba28', '89552f9a-3682-4a12-ba60-90d6b46a0238', '2025-11-21 12:40:23.505987+00', 'aa');
INSERT INTO public.movements (id, container_id, from_slot, to_slot, "timestamp", moved_by) VALUES ('35119637-68ec-4886-92bf-9293e30891f1', 'b411fb2a-1f6b-4f8e-a99b-063bff998519', '89552f9a-3682-4a12-ba60-90d6b46a0238', 'd0d65c6f-5855-4082-b168-04711f09ba28', '2025-11-21 12:40:59.585914+00', 'robot_system');
INSERT INTO public.movements (id, container_id, from_slot, to_slot, "timestamp", moved_by) VALUES ('8d997c58-be69-4d4f-8d9e-11eb55bffd34', 'b411fb2a-1f6b-4f8e-a99b-063bff998519', 'd0d65c6f-5855-4082-b168-04711f09ba28', '89552f9a-3682-4a12-ba60-90d6b46a0238', '2025-11-21 12:41:47.412954+00', 'aa');
INSERT INTO public.movements (id, container_id, from_slot, to_slot, "timestamp", moved_by) VALUES ('026b20cf-3322-4de2-be8b-2b4ddbeb41a3', 'b411fb2a-1f6b-4f8e-a99b-063bff998519', '89552f9a-3682-4a12-ba60-90d6b46a0238', 'd0d65c6f-5855-4082-b168-04711f09ba28', '2025-11-21 12:42:48.170629+00', 'robot_system');
INSERT INTO public.movements (id, container_id, from_slot, to_slot, "timestamp", moved_by) VALUES ('a8a5d9e7-65ea-4a35-9a98-9475ad004efd', 'b411fb2a-1f6b-4f8e-a99b-063bff998519', 'd0d65c6f-5855-4082-b168-04711f09ba28', '89552f9a-3682-4a12-ba60-90d6b46a0238', '2025-11-21 12:45:55.168548+00', 'aa');
INSERT INTO public.movements (id, container_id, from_slot, to_slot, "timestamp", moved_by) VALUES ('182c0b95-32a6-4a2e-bf55-f556740c5864', 'b411fb2a-1f6b-4f8e-a99b-063bff998519', '89552f9a-3682-4a12-ba60-90d6b46a0238', '89552f9a-3682-4a12-ba60-90d6b46a0238', '2025-11-21 12:46:34.557147+00', 'aa');
INSERT INTO public.movements (id, container_id, from_slot, to_slot, "timestamp", moved_by) VALUES ('044dfcbd-89a1-4866-a4be-953638f6dc2f', 'b411fb2a-1f6b-4f8e-a99b-063bff998519', '89552f9a-3682-4a12-ba60-90d6b46a0238', 'd0d65c6f-5855-4082-b168-04711f09ba28', '2025-11-21 12:49:32.727194+00', 'robot_system');
INSERT INTO public.movements (id, container_id, from_slot, to_slot, "timestamp", moved_by) VALUES ('21f62935-aba7-48e6-a815-c4d874fc445d', 'b411fb2a-1f6b-4f8e-a99b-063bff998519', 'd0d65c6f-5855-4082-b168-04711f09ba28', '89552f9a-3682-4a12-ba60-90d6b46a0238', '2025-11-21 12:50:48.762875+00', 'aa');
INSERT INTO public.movements (id, container_id, from_slot, to_slot, "timestamp", moved_by) VALUES ('8c0b318c-8659-4113-90a9-2c4eb90e5db7', 'b411fb2a-1f6b-4f8e-a99b-063bff998519', '89552f9a-3682-4a12-ba60-90d6b46a0238', 'd0d65c6f-5855-4082-b168-04711f09ba28', '2025-11-21 12:52:54.4807+00', 'robot_system');
INSERT INTO public.movements (id, container_id, from_slot, to_slot, "timestamp", moved_by) VALUES ('115a7b38-cd90-4694-a9a6-0d3e2b1d5893', 'b411fb2a-1f6b-4f8e-a99b-063bff998519', 'd0d65c6f-5855-4082-b168-04711f09ba28', '89552f9a-3682-4a12-ba60-90d6b46a0238', '2025-11-21 12:56:42.844649+00', 'aa');
INSERT INTO public.movements (id, container_id, from_slot, to_slot, "timestamp", moved_by) VALUES ('d182b6c3-21db-4244-9053-baa315d80eca', 'b411fb2a-1f6b-4f8e-a99b-063bff998519', '89552f9a-3682-4a12-ba60-90d6b46a0238', 'd0d65c6f-5855-4082-b168-04711f09ba28', '2025-11-21 12:59:06.490353+00', 'robot_system');
INSERT INTO public.movements (id, container_id, from_slot, to_slot, "timestamp", moved_by) VALUES ('c0c3daab-3768-45dd-9894-a051d8760252', 'b411fb2a-1f6b-4f8e-a99b-063bff998519', 'd0d65c6f-5855-4082-b168-04711f09ba28', '89552f9a-3682-4a12-ba60-90d6b46a0238', '2025-11-21 13:02:00.668383+00', 'aa');
INSERT INTO public.movements (id, container_id, from_slot, to_slot, "timestamp", moved_by) VALUES ('0c5413a6-2c2f-4904-a6ea-48db0717a63f', 'b411fb2a-1f6b-4f8e-a99b-063bff998519', '89552f9a-3682-4a12-ba60-90d6b46a0238', '89552f9a-3682-4a12-ba60-90d6b46a0238', '2025-11-21 13:05:03.770077+00', 'aa');
INSERT INTO public.movements (id, container_id, from_slot, to_slot, "timestamp", moved_by) VALUES ('b619e01f-6cae-4304-a153-1a3edd400268', 'b411fb2a-1f6b-4f8e-a99b-063bff998519', '89552f9a-3682-4a12-ba60-90d6b46a0238', 'd0d65c6f-5855-4082-b168-04711f09ba28', '2025-11-21 13:07:12.712225+00', 'robot_system');
INSERT INTO public.movements (id, container_id, from_slot, to_slot, "timestamp", moved_by) VALUES ('4e61d477-2073-4771-8e4e-83377e22874b', 'b411fb2a-1f6b-4f8e-a99b-063bff998519', 'd0d65c6f-5855-4082-b168-04711f09ba28', '89552f9a-3682-4a12-ba60-90d6b46a0238', '2025-11-21 13:08:46.756682+00', 'aa');
INSERT INTO public.movements (id, container_id, from_slot, to_slot, "timestamp", moved_by) VALUES ('c123aaa4-52ed-424b-9370-052adfb82170', 'b411fb2a-1f6b-4f8e-a99b-063bff998519', '89552f9a-3682-4a12-ba60-90d6b46a0238', 'd0d65c6f-5855-4082-b168-04711f09ba28', '2025-11-21 13:11:33.888952+00', 'robot_system');
INSERT INTO public.movements (id, container_id, from_slot, to_slot, "timestamp", moved_by) VALUES ('da2da210-36ac-4edf-bd6e-516c6f94681f', 'b411fb2a-1f6b-4f8e-a99b-063bff998519', 'd0d65c6f-5855-4082-b168-04711f09ba28', '89552f9a-3682-4a12-ba60-90d6b46a0238', '2025-11-21 13:12:18.273701+00', 'aa');
INSERT INTO public.movements (id, container_id, from_slot, to_slot, "timestamp", moved_by) VALUES ('0cca0672-9786-46c8-acbc-628766862635', 'b411fb2a-1f6b-4f8e-a99b-063bff998519', '89552f9a-3682-4a12-ba60-90d6b46a0238', 'd0d65c6f-5855-4082-b168-04711f09ba28', '2025-11-21 13:13:55.025304+00', 'robot_system');
INSERT INTO public.movements (id, container_id, from_slot, to_slot, "timestamp", moved_by) VALUES ('d3ceb883-0974-4fc0-bfc7-da6882d03d87', 'b411fb2a-1f6b-4f8e-a99b-063bff998519', 'd0d65c6f-5855-4082-b168-04711f09ba28', '89552f9a-3682-4a12-ba60-90d6b46a0238', '2025-11-21 13:15:09.982331+00', 'a');
INSERT INTO public.movements (id, container_id, from_slot, to_slot, "timestamp", moved_by) VALUES ('e42a9082-d334-48b7-828d-c8e5a6f2d436', 'b411fb2a-1f6b-4f8e-a99b-063bff998519', '89552f9a-3682-4a12-ba60-90d6b46a0238', 'd0d65c6f-5855-4082-b168-04711f09ba28', '2025-11-21 13:16:32.900125+00', 'robot_system');
INSERT INTO public.movements (id, container_id, from_slot, to_slot, "timestamp", moved_by) VALUES ('1ea1b232-8f16-43ad-b3c4-593c1e0dac96', 'b411fb2a-1f6b-4f8e-a99b-063bff998519', 'd0d65c6f-5855-4082-b168-04711f09ba28', '5d8d460f-02f2-4504-9f80-9b74d64f30fc', '2025-11-21 13:17:10.099182+00', 'aa');
INSERT INTO public.movements (id, container_id, from_slot, to_slot, "timestamp", moved_by) VALUES ('4b52f047-9a19-4452-b83f-c069295e4280', 'b411fb2a-1f6b-4f8e-a99b-063bff998519', '5d8d460f-02f2-4504-9f80-9b74d64f30fc', 'd0d65c6f-5855-4082-b168-04711f09ba28', '2025-11-21 13:25:59.033523+00', 'robot_system');
INSERT INTO public.movements (id, container_id, from_slot, to_slot, "timestamp", moved_by) VALUES ('3910cc70-c0ae-4d55-bb81-d58ce18e88c1', 'b411fb2a-1f6b-4f8e-a99b-063bff998519', 'd0d65c6f-5855-4082-b168-04711f09ba28', '5d8d460f-02f2-4504-9f80-9b74d64f30fc', '2025-11-21 13:26:28.631744+00', 'aa');
INSERT INTO public.movements (id, container_id, from_slot, to_slot, "timestamp", moved_by) VALUES ('4c4636b0-f5d1-4a13-aa96-cdfccac780dd', 'b411fb2a-1f6b-4f8e-a99b-063bff998519', '5d8d460f-02f2-4504-9f80-9b74d64f30fc', 'd0d65c6f-5855-4082-b168-04711f09ba28', '2025-11-21 13:31:58.983558+00', 'robot_system');
INSERT INTO public.movements (id, container_id, from_slot, to_slot, "timestamp", moved_by) VALUES ('a92099e1-e95f-4da5-9c3e-48f30cef323f', 'b411fb2a-1f6b-4f8e-a99b-063bff998519', 'd0d65c6f-5855-4082-b168-04711f09ba28', '5d8d460f-02f2-4504-9f80-9b74d64f30fc', '2025-11-21 13:32:43.688237+00', 'aa');
INSERT INTO public.movements (id, container_id, from_slot, to_slot, "timestamp", moved_by) VALUES ('a66e4f31-73ab-4627-970c-6be219094d8e', 'b411fb2a-1f6b-4f8e-a99b-063bff998519', '5d8d460f-02f2-4504-9f80-9b74d64f30fc', '7df969fb-9f96-479f-acdb-3aacd70724bc', '2025-11-21 13:32:50.955413+00', 'aa');
INSERT INTO public.movements (id, container_id, from_slot, to_slot, "timestamp", moved_by) VALUES ('42383874-2a6e-4171-961a-fed716b3196a', 'b411fb2a-1f6b-4f8e-a99b-063bff998519', '7df969fb-9f96-479f-acdb-3aacd70724bc', 'd0d65c6f-5855-4082-b168-04711f09ba28', '2025-11-21 13:33:30.830238+00', 'robot_system');
INSERT INTO public.movements (id, container_id, from_slot, to_slot, "timestamp", moved_by) VALUES ('c4f3e438-08ff-42e2-b677-3e314aaa7636', 'b411fb2a-1f6b-4f8e-a99b-063bff998519', 'd0d65c6f-5855-4082-b168-04711f09ba28', '7df969fb-9f96-479f-acdb-3aacd70724bc', '2025-11-21 13:35:40.431106+00', 'robot_system');
INSERT INTO public.movements (id, container_id, from_slot, to_slot, "timestamp", moved_by) VALUES ('3b2ea900-7668-43c4-b3cc-1749335e2c62', 'b411fb2a-1f6b-4f8e-a99b-063bff998519', '7df969fb-9f96-479f-acdb-3aacd70724bc', '7df969fb-9f96-479f-acdb-3aacd70724bc', '2025-11-21 13:43:11.032851+00', 'aa');
INSERT INTO public.movements (id, container_id, from_slot, to_slot, "timestamp", moved_by) VALUES ('c680e5a9-45bc-47fc-8af5-bf2cea85f700', 'b411fb2a-1f6b-4f8e-a99b-063bff998519', '7df969fb-9f96-479f-acdb-3aacd70724bc', 'd0d65c6f-5855-4082-b168-04711f09ba28', '2025-11-21 14:21:32.768663+00', 'robot_system');
INSERT INTO public.movements (id, container_id, from_slot, to_slot, "timestamp", moved_by) VALUES ('72cce313-53c2-41c6-8c5e-299035537a10', 'b411fb2a-1f6b-4f8e-a99b-063bff998519', 'd0d65c6f-5855-4082-b168-04711f09ba28', '7df969fb-9f96-479f-acdb-3aacd70724bc', '2025-11-21 14:29:24.790004+00', 'robot_system');
INSERT INTO public.movements (id, container_id, from_slot, to_slot, "timestamp", moved_by) VALUES ('7ffb3e23-3d1f-4e7f-a064-ffb66b6a9b71', 'b411fb2a-1f6b-4f8e-a99b-063bff998519', '7df969fb-9f96-479f-acdb-3aacd70724bc', 'd0d65c6f-5855-4082-b168-04711f09ba28', '2025-11-21 14:30:53.567914+00', 'robot_system');
INSERT INTO public.movements (id, container_id, from_slot, to_slot, "timestamp", moved_by) VALUES ('0fcd9cca-97a6-4b45-9797-78e5bf775f23', 'b411fb2a-1f6b-4f8e-a99b-063bff998519', 'd0d65c6f-5855-4082-b168-04711f09ba28', '9264b323-a5c6-40e4-828e-4db2dece9146', '2025-11-21 14:37:01.081732+00', 'robot_system');
INSERT INTO public.movements (id, container_id, from_slot, to_slot, "timestamp", moved_by) VALUES ('6ddd4969-f1e8-41cd-b75e-fa62509c5792', 'b411fb2a-1f6b-4f8e-a99b-063bff998519', '9264b323-a5c6-40e4-828e-4db2dece9146', '7df969fb-9f96-479f-acdb-3aacd70724bc', '2025-11-21 14:37:37.418292+00', 'robot_system');
INSERT INTO public.movements (id, container_id, from_slot, to_slot, "timestamp", moved_by) VALUES ('9bb50b4f-8c18-4747-9f0d-02680a655bef', 'b411fb2a-1f6b-4f8e-a99b-063bff998519', '7df969fb-9f96-479f-acdb-3aacd70724bc', 'd0d65c6f-5855-4082-b168-04711f09ba28', '2025-11-21 14:39:40.615112+00', 'robot_system');
INSERT INTO public.movements (id, container_id, from_slot, to_slot, "timestamp", moved_by) VALUES ('17ed77d4-a7c6-42dd-bf3b-aece95e7a9bc', 'b411fb2a-1f6b-4f8e-a99b-063bff998519', 'd0d65c6f-5855-4082-b168-04711f09ba28', '7df969fb-9f96-479f-acdb-3aacd70724bc', '2025-11-21 14:42:33.73225+00', 'robot_system');
INSERT INTO public.movements (id, container_id, from_slot, to_slot, "timestamp", moved_by) VALUES ('7918710f-00b9-4695-a1d2-ce8eda7ed9de', 'b411fb2a-1f6b-4f8e-a99b-063bff998519', '7df969fb-9f96-479f-acdb-3aacd70724bc', '7df969fb-9f96-479f-acdb-3aacd70724bc', '2025-11-21 14:43:46.707786+00', 'robot_system');
INSERT INTO public.movements (id, container_id, from_slot, to_slot, "timestamp", moved_by) VALUES ('de2dc2b5-1ca4-48b5-8778-5fd8ff6a8720', 'b411fb2a-1f6b-4f8e-a99b-063bff998519', '7df969fb-9f96-479f-acdb-3aacd70724bc', 'd0d65c6f-5855-4082-b168-04711f09ba28', '2025-11-21 14:44:30.49587+00', 'robot_system');
INSERT INTO public.movements (id, container_id, from_slot, to_slot, "timestamp", moved_by) VALUES ('10a29923-6a43-4335-944e-f1a535564211', 'b411fb2a-1f6b-4f8e-a99b-063bff998519', 'd0d65c6f-5855-4082-b168-04711f09ba28', '7df969fb-9f96-479f-acdb-3aacd70724bc', '2025-11-21 14:44:31.285641+00', 'robot_system');
INSERT INTO public.movements (id, container_id, from_slot, to_slot, "timestamp", moved_by) VALUES ('bd483a5b-3a0d-4654-9f74-43d8b43944a3', 'b411fb2a-1f6b-4f8e-a99b-063bff998519', '7df969fb-9f96-479f-acdb-3aacd70724bc', 'd0d65c6f-5855-4082-b168-04711f09ba28', '2025-11-21 14:47:46.349174+00', 'robot_system');
INSERT INTO public.movements (id, container_id, from_slot, to_slot, "timestamp", moved_by) VALUES ('5708eb95-538b-4113-9543-061fccb8f07f', 'b411fb2a-1f6b-4f8e-a99b-063bff998519', 'd0d65c6f-5855-4082-b168-04711f09ba28', '7df969fb-9f96-479f-acdb-3aacd70724bc', '2025-11-21 14:48:52.279518+00', 'robot_system');
INSERT INTO public.movements (id, container_id, from_slot, to_slot, "timestamp", moved_by) VALUES ('9c2bfda5-45c3-4b86-ba6e-d5e02e08935d', 'b411fb2a-1f6b-4f8e-a99b-063bff998519', '7df969fb-9f96-479f-acdb-3aacd70724bc', '7df969fb-9f96-479f-acdb-3aacd70724bc', '2025-11-21 14:51:14.350205+00', 'robot_system');
INSERT INTO public.movements (id, container_id, from_slot, to_slot, "timestamp", moved_by) VALUES ('3ed5ab13-3a8b-4c6a-bb6c-71740337f181', 'b411fb2a-1f6b-4f8e-a99b-063bff998519', '7df969fb-9f96-479f-acdb-3aacd70724bc', '7df969fb-9f96-479f-acdb-3aacd70724bc', '2025-11-21 14:55:23.479395+00', 'robot_system');
INSERT INTO public.movements (id, container_id, from_slot, to_slot, "timestamp", moved_by) VALUES ('2b117613-8dd9-4dcb-8a72-02b7d935f4b8', 'b411fb2a-1f6b-4f8e-a99b-063bff998519', '7df969fb-9f96-479f-acdb-3aacd70724bc', 'd0d65c6f-5855-4082-b168-04711f09ba28', '2025-11-21 14:57:12.155209+00', 'robot_system');
INSERT INTO public.movements (id, container_id, from_slot, to_slot, "timestamp", moved_by) VALUES ('de123323-5735-4003-b1c3-9d3aa08b5b66', 'b411fb2a-1f6b-4f8e-a99b-063bff998519', 'd0d65c6f-5855-4082-b168-04711f09ba28', '7df969fb-9f96-479f-acdb-3aacd70724bc', '2025-11-21 14:57:54.900838+00', 'robot_system');
INSERT INTO public.movements (id, container_id, from_slot, to_slot, "timestamp", moved_by) VALUES ('5ad36ca5-939b-45cd-b69a-e73405292f3b', 'b411fb2a-1f6b-4f8e-a99b-063bff998519', '7df969fb-9f96-479f-acdb-3aacd70724bc', '7df969fb-9f96-479f-acdb-3aacd70724bc', '2025-11-21 14:58:19.302643+00', 'robot_system');
INSERT INTO public.movements (id, container_id, from_slot, to_slot, "timestamp", moved_by) VALUES ('bf4b295a-15da-485f-8684-9e1203ab630d', 'b411fb2a-1f6b-4f8e-a99b-063bff998519', '7df969fb-9f96-479f-acdb-3aacd70724bc', 'd0d65c6f-5855-4082-b168-04711f09ba28', '2025-11-21 15:01:20.797393+00', 'robot_system');
INSERT INTO public.movements (id, container_id, from_slot, to_slot, "timestamp", moved_by) VALUES ('9f979698-4cb1-4458-9d7b-450427014bc7', 'b411fb2a-1f6b-4f8e-a99b-063bff998519', 'd0d65c6f-5855-4082-b168-04711f09ba28', '7df969fb-9f96-479f-acdb-3aacd70724bc', '2025-11-21 15:03:00.005454+00', 'robot_system');
INSERT INTO public.movements (id, container_id, from_slot, to_slot, "timestamp", moved_by) VALUES ('ad586ec7-b987-4c84-944d-1a09597bcea0', 'b411fb2a-1f6b-4f8e-a99b-063bff998519', '7df969fb-9f96-479f-acdb-3aacd70724bc', 'd0d65c6f-5855-4082-b168-04711f09ba28', '2025-11-21 15:04:51.833798+00', 'robot_system');
INSERT INTO public.movements (id, container_id, from_slot, to_slot, "timestamp", moved_by) VALUES ('7471c6f0-ec12-41fd-8aaf-6ab6b603cabb', 'b411fb2a-1f6b-4f8e-a99b-063bff998519', 'd0d65c6f-5855-4082-b168-04711f09ba28', '7df969fb-9f96-479f-acdb-3aacd70724bc', '2025-11-21 15:05:29.875193+00', 'robot_system');
INSERT INTO public.movements (id, container_id, from_slot, to_slot, "timestamp", moved_by) VALUES ('5855de98-d467-4411-ae99-285baf932cdb', 'b411fb2a-1f6b-4f8e-a99b-063bff998519', '7df969fb-9f96-479f-acdb-3aacd70724bc', '7df969fb-9f96-479f-acdb-3aacd70724bc', '2025-11-21 15:06:53.503222+00', 'robot_system');
INSERT INTO public.movements (id, container_id, from_slot, to_slot, "timestamp", moved_by) VALUES ('59c9f407-1847-4a6f-bc02-19e1202840c5', 'b411fb2a-1f6b-4f8e-a99b-063bff998519', '7df969fb-9f96-479f-acdb-3aacd70724bc', 'd0d65c6f-5855-4082-b168-04711f09ba28', '2025-11-21 15:14:41.749388+00', 'robot_system');
INSERT INTO public.movements (id, container_id, from_slot, to_slot, "timestamp", moved_by) VALUES ('391ea54c-c40d-46b4-832a-afe7c03dd4c2', 'b411fb2a-1f6b-4f8e-a99b-063bff998519', 'd0d65c6f-5855-4082-b168-04711f09ba28', '7df969fb-9f96-479f-acdb-3aacd70724bc', '2025-11-21 15:15:57.070891+00', 'robot_system');
INSERT INTO public.movements (id, container_id, from_slot, to_slot, "timestamp", moved_by) VALUES ('e059e81e-f6ed-40be-a87b-bb33d8d2b581', 'b411fb2a-1f6b-4f8e-a99b-063bff998519', '7df969fb-9f96-479f-acdb-3aacd70724bc', 'd0d65c6f-5855-4082-b168-04711f09ba28', '2025-11-21 15:17:06.971116+00', 'robot_system');
INSERT INTO public.movements (id, container_id, from_slot, to_slot, "timestamp", moved_by) VALUES ('e47fbfe7-2210-4d51-bddb-5a66594bf2dd', 'b411fb2a-1f6b-4f8e-a99b-063bff998519', 'd0d65c6f-5855-4082-b168-04711f09ba28', '7df969fb-9f96-479f-acdb-3aacd70724bc', '2025-11-21 15:18:35.709208+00', 'robot_system');
INSERT INTO public.movements (id, container_id, from_slot, to_slot, "timestamp", moved_by) VALUES ('9d5e65a5-5944-4f57-81ac-feb377885fd6', 'b411fb2a-1f6b-4f8e-a99b-063bff998519', '7df969fb-9f96-479f-acdb-3aacd70724bc', 'd0d65c6f-5855-4082-b168-04711f09ba28', '2025-11-21 15:20:08.594175+00', 'robot_system');
INSERT INTO public.movements (id, container_id, from_slot, to_slot, "timestamp", moved_by) VALUES ('4404dd2b-6d6b-40b5-922f-d607a4e38f86', 'b411fb2a-1f6b-4f8e-a99b-063bff998519', 'd0d65c6f-5855-4082-b168-04711f09ba28', '7df969fb-9f96-479f-acdb-3aacd70724bc', '2025-11-21 15:20:15.767324+00', 'robot_system');
INSERT INTO public.movements (id, container_id, from_slot, to_slot, "timestamp", moved_by) VALUES ('d03fd00c-5e79-4646-822d-4369cfd72e5b', 'b411fb2a-1f6b-4f8e-a99b-063bff998519', '7df969fb-9f96-479f-acdb-3aacd70724bc', '7df969fb-9f96-479f-acdb-3aacd70724bc', '2025-11-21 15:21:53.816926+00', 'robot_system');
INSERT INTO public.movements (id, container_id, from_slot, to_slot, "timestamp", moved_by) VALUES ('883ebb91-038f-4746-a419-8b0ba3ad82db', 'b411fb2a-1f6b-4f8e-a99b-063bff998519', '7df969fb-9f96-479f-acdb-3aacd70724bc', 'd0d65c6f-5855-4082-b168-04711f09ba28', '2025-11-21 15:21:58.283169+00', 'robot_system');
INSERT INTO public.movements (id, container_id, from_slot, to_slot, "timestamp", moved_by) VALUES ('baacb56d-67ad-42f4-af9a-83c05799fe02', 'b411fb2a-1f6b-4f8e-a99b-063bff998519', 'd0d65c6f-5855-4082-b168-04711f09ba28', '7df969fb-9f96-479f-acdb-3aacd70724bc', '2025-11-21 15:22:06.040443+00', 'robot_system');
INSERT INTO public.movements (id, container_id, from_slot, to_slot, "timestamp", moved_by) VALUES ('d8ad940c-4479-4a81-8d6a-75cba1bc830a', 'b411fb2a-1f6b-4f8e-a99b-063bff998519', '7df969fb-9f96-479f-acdb-3aacd70724bc', 'd0d65c6f-5855-4082-b168-04711f09ba28', '2025-11-21 15:24:04.540481+00', 'robot_system');
INSERT INTO public.movements (id, container_id, from_slot, to_slot, "timestamp", moved_by) VALUES ('326fd0e7-6f73-4eaf-ab4f-044b3021da38', 'b411fb2a-1f6b-4f8e-a99b-063bff998519', 'd0d65c6f-5855-4082-b168-04711f09ba28', '7df969fb-9f96-479f-acdb-3aacd70724bc', '2025-11-21 15:45:42.414881+00', 'robot_system');
INSERT INTO public.movements (id, container_id, from_slot, to_slot, "timestamp", moved_by) VALUES ('0d910a62-9aac-494d-8331-a05dd3303438', 'b411fb2a-1f6b-4f8e-a99b-063bff998519', '7df969fb-9f96-479f-acdb-3aacd70724bc', '7df969fb-9f96-479f-acdb-3aacd70724bc', '2025-11-21 15:47:28.117284+00', 'robot_system');
INSERT INTO public.movements (id, container_id, from_slot, to_slot, "timestamp", moved_by) VALUES ('c0aa6823-a087-4fc6-bc70-faf63fa6f377', 'b411fb2a-1f6b-4f8e-a99b-063bff998519', '7df969fb-9f96-479f-acdb-3aacd70724bc', 'd0d65c6f-5855-4082-b168-04711f09ba28', '2025-11-21 15:49:46.537739+00', 'robot_system');
INSERT INTO public.movements (id, container_id, from_slot, to_slot, "timestamp", moved_by) VALUES ('67e1845d-4f37-4f3f-88e0-3f9369bb20cf', 'b411fb2a-1f6b-4f8e-a99b-063bff998519', 'd0d65c6f-5855-4082-b168-04711f09ba28', '7df969fb-9f96-479f-acdb-3aacd70724bc', '2025-11-21 15:50:04.773085+00', 'robot_system');
INSERT INTO public.movements (id, container_id, from_slot, to_slot, "timestamp", moved_by) VALUES ('516ee044-3984-4e1d-9a57-562b87c04a17', 'b411fb2a-1f6b-4f8e-a99b-063bff998519', '7df969fb-9f96-479f-acdb-3aacd70724bc', 'd0d65c6f-5855-4082-b168-04711f09ba28', '2025-11-21 15:51:15.590096+00', 'robot_system');
INSERT INTO public.movements (id, container_id, from_slot, to_slot, "timestamp", moved_by) VALUES ('29f0adef-0b4e-4d2b-8dcf-3202f6dba18a', 'b411fb2a-1f6b-4f8e-a99b-063bff998519', 'd0d65c6f-5855-4082-b168-04711f09ba28', '7df969fb-9f96-479f-acdb-3aacd70724bc', '2025-11-21 15:51:27.98724+00', 'robot_system');
INSERT INTO public.movements (id, container_id, from_slot, to_slot, "timestamp", moved_by) VALUES ('4f175b72-0924-4a52-9b8e-100ff01968b1', 'b411fb2a-1f6b-4f8e-a99b-063bff998519', '7df969fb-9f96-479f-acdb-3aacd70724bc', 'd0d65c6f-5855-4082-b168-04711f09ba28', '2025-11-21 15:52:17.121015+00', 'robot_system');
INSERT INTO public.movements (id, container_id, from_slot, to_slot, "timestamp", moved_by) VALUES ('53373757-52a3-4b0f-a25d-fe32cef9d690', 'b411fb2a-1f6b-4f8e-a99b-063bff998519', 'd0d65c6f-5855-4082-b168-04711f09ba28', '89552f9a-3682-4a12-ba60-90d6b46a0238', '2025-11-21 15:52:50.413859+00', 'robot_system');
INSERT INTO public.movements (id, container_id, from_slot, to_slot, "timestamp", moved_by) VALUES ('3ec475d8-c8d9-4d4c-898c-fc40673a2ae4', 'b411fb2a-1f6b-4f8e-a99b-063bff998519', '89552f9a-3682-4a12-ba60-90d6b46a0238', 'd0d65c6f-5855-4082-b168-04711f09ba28', '2025-11-21 15:53:58.006906+00', 'robot_system');
INSERT INTO public.movements (id, container_id, from_slot, to_slot, "timestamp", moved_by) VALUES ('3a5e09c0-dea5-4104-ba4f-6fa90a34fb31', 'b411fb2a-1f6b-4f8e-a99b-063bff998519', 'd0d65c6f-5855-4082-b168-04711f09ba28', '89552f9a-3682-4a12-ba60-90d6b46a0238', '2025-11-21 15:56:54.088863+00', 'robot_system');
INSERT INTO public.movements (id, container_id, from_slot, to_slot, "timestamp", moved_by) VALUES ('9df96153-6e2e-43e7-8e8d-98cab1656aeb', 'b411fb2a-1f6b-4f8e-a99b-063bff998519', '89552f9a-3682-4a12-ba60-90d6b46a0238', 'd0d65c6f-5855-4082-b168-04711f09ba28', '2025-11-21 15:59:30.619242+00', 'robot_system');
INSERT INTO public.movements (id, container_id, from_slot, to_slot, "timestamp", moved_by) VALUES ('3d063a8b-01d2-4516-a057-3a0b1656baad', 'b411fb2a-1f6b-4f8e-a99b-063bff998519', 'd0d65c6f-5855-4082-b168-04711f09ba28', '89552f9a-3682-4a12-ba60-90d6b46a0238', '2025-11-21 15:59:55.707114+00', 'robot_system');
INSERT INTO public.movements (id, container_id, from_slot, to_slot, "timestamp", moved_by) VALUES ('1e87e2eb-e206-47c9-a34a-66ed91f6f685', 'b411fb2a-1f6b-4f8e-a99b-063bff998519', '89552f9a-3682-4a12-ba60-90d6b46a0238', 'd0d65c6f-5855-4082-b168-04711f09ba28', '2025-11-21 16:00:32.263161+00', 'robot_system');
INSERT INTO public.movements (id, container_id, from_slot, to_slot, "timestamp", moved_by) VALUES ('0c984a9c-998c-40ac-b0bb-02a8d40de9cd', 'b411fb2a-1f6b-4f8e-a99b-063bff998519', 'd0d65c6f-5855-4082-b168-04711f09ba28', '89552f9a-3682-4a12-ba60-90d6b46a0238', '2025-11-21 16:01:31.192512+00', 'robot_system');
INSERT INTO public.movements (id, container_id, from_slot, to_slot, "timestamp", moved_by) VALUES ('635dac46-72ae-4b3a-8823-85caefa5ff05', 'b411fb2a-1f6b-4f8e-a99b-063bff998519', '89552f9a-3682-4a12-ba60-90d6b46a0238', 'd0d65c6f-5855-4082-b168-04711f09ba28', '2025-11-21 16:05:56.50012+00', 'robot_system');
INSERT INTO public.movements (id, container_id, from_slot, to_slot, "timestamp", moved_by) VALUES ('6e9e5506-62d9-4961-b615-1f734664c802', 'b411fb2a-1f6b-4f8e-a99b-063bff998519', 'd0d65c6f-5855-4082-b168-04711f09ba28', '89552f9a-3682-4a12-ba60-90d6b46a0238', '2025-11-21 16:07:01.647319+00', 'robot_system');
INSERT INTO public.movements (id, container_id, from_slot, to_slot, "timestamp", moved_by) VALUES ('6d486e24-7d23-4dee-b1ed-d83e5e5087db', 'b411fb2a-1f6b-4f8e-a99b-063bff998519', '89552f9a-3682-4a12-ba60-90d6b46a0238', 'd0d65c6f-5855-4082-b168-04711f09ba28', '2025-11-21 16:08:42.339464+00', 'robot_system');
INSERT INTO public.movements (id, container_id, from_slot, to_slot, "timestamp", moved_by) VALUES ('1378757e-6ddc-4d26-81ae-5a4a62742077', 'b411fb2a-1f6b-4f8e-a99b-063bff998519', 'd0d65c6f-5855-4082-b168-04711f09ba28', '89552f9a-3682-4a12-ba60-90d6b46a0238', '2025-11-21 16:09:19.438187+00', 'robot_system');
INSERT INTO public.movements (id, container_id, from_slot, to_slot, "timestamp", moved_by) VALUES ('9f34ace4-ca62-462f-a4de-e9b9c4ea5190', 'b411fb2a-1f6b-4f8e-a99b-063bff998519', '89552f9a-3682-4a12-ba60-90d6b46a0238', '89552f9a-3682-4a12-ba60-90d6b46a0238', '2025-11-21 16:09:42.600238+00', 'robot_system');
INSERT INTO public.movements (id, container_id, from_slot, to_slot, "timestamp", moved_by) VALUES ('9e9e413a-dc09-4ad2-bf0d-bd49730a2279', 'b411fb2a-1f6b-4f8e-a99b-063bff998519', '89552f9a-3682-4a12-ba60-90d6b46a0238', 'd0d65c6f-5855-4082-b168-04711f09ba28', '2025-11-21 16:11:16.948051+00', 'robot_system');
INSERT INTO public.movements (id, container_id, from_slot, to_slot, "timestamp", moved_by) VALUES ('c2592264-b857-4d0e-aa93-94f7eecd3520', 'b411fb2a-1f6b-4f8e-a99b-063bff998519', 'd0d65c6f-5855-4082-b168-04711f09ba28', '7df969fb-9f96-479f-acdb-3aacd70724bc', '2025-11-21 16:13:13.693387+00', 'robot_system');
INSERT INTO public.movements (id, container_id, from_slot, to_slot, "timestamp", moved_by) VALUES ('7b6934e9-6c18-445a-be56-cb06d1a1f351', 'b411fb2a-1f6b-4f8e-a99b-063bff998519', '7df969fb-9f96-479f-acdb-3aacd70724bc', 'd0d65c6f-5855-4082-b168-04711f09ba28', '2025-11-21 16:15:03.461081+00', 'robot_system');
INSERT INTO public.movements (id, container_id, from_slot, to_slot, "timestamp", moved_by) VALUES ('71a376bd-410d-4645-851c-8d2e8bdfbf42', 'b411fb2a-1f6b-4f8e-a99b-063bff998519', 'd0d65c6f-5855-4082-b168-04711f09ba28', '7df969fb-9f96-479f-acdb-3aacd70724bc', '2025-11-21 16:15:25.705747+00', 'robot_system');
INSERT INTO public.movements (id, container_id, from_slot, to_slot, "timestamp", moved_by) VALUES ('6c7a3c70-72e7-4599-9c05-f91e17faeaaf', 'b411fb2a-1f6b-4f8e-a99b-063bff998519', '7df969fb-9f96-479f-acdb-3aacd70724bc', 'd0d65c6f-5855-4082-b168-04711f09ba28', '2025-11-21 16:16:32.476428+00', 'robot_system');
INSERT INTO public.movements (id, container_id, from_slot, to_slot, "timestamp", moved_by) VALUES ('35b48809-bbcc-4802-9d0b-4e5da3b1cd07', 'b411fb2a-1f6b-4f8e-a99b-063bff998519', 'd0d65c6f-5855-4082-b168-04711f09ba28', '89552f9a-3682-4a12-ba60-90d6b46a0238', '2025-11-21 16:16:50.307271+00', 'robot_system');
INSERT INTO public.movements (id, container_id, from_slot, to_slot, "timestamp", moved_by) VALUES ('645ebab0-9006-4a23-8e25-286ffad23b41', 'b411fb2a-1f6b-4f8e-a99b-063bff998519', '89552f9a-3682-4a12-ba60-90d6b46a0238', 'd0d65c6f-5855-4082-b168-04711f09ba28', '2025-11-21 16:19:02.043631+00', 'robot_system');
INSERT INTO public.movements (id, container_id, from_slot, to_slot, "timestamp", moved_by) VALUES ('60124b3b-d5f8-494e-96e2-0b6e4abfae10', 'b411fb2a-1f6b-4f8e-a99b-063bff998519', 'd0d65c6f-5855-4082-b168-04711f09ba28', '7df969fb-9f96-479f-acdb-3aacd70724bc', '2025-11-21 16:19:08.533323+00', 'robot_system');
INSERT INTO public.movements (id, container_id, from_slot, to_slot, "timestamp", moved_by) VALUES ('cc769a9a-b387-4e6b-8fa8-864704cfb220', 'b411fb2a-1f6b-4f8e-a99b-063bff998519', '7df969fb-9f96-479f-acdb-3aacd70724bc', 'd0d65c6f-5855-4082-b168-04711f09ba28', '2025-11-21 16:20:01.269172+00', 'robot_system');
INSERT INTO public.movements (id, container_id, from_slot, to_slot, "timestamp", moved_by) VALUES ('10ec1244-3d64-476a-a8a0-6ae3ccffd3b2', 'b411fb2a-1f6b-4f8e-a99b-063bff998519', 'd0d65c6f-5855-4082-b168-04711f09ba28', '7df969fb-9f96-479f-acdb-3aacd70724bc', '2025-11-21 16:20:23.262617+00', 'robot_system');
INSERT INTO public.movements (id, container_id, from_slot, to_slot, "timestamp", moved_by) VALUES ('25b22da3-851f-4eda-8b8f-f24a39dc1d93', 'b411fb2a-1f6b-4f8e-a99b-063bff998519', '7df969fb-9f96-479f-acdb-3aacd70724bc', 'd0d65c6f-5855-4082-b168-04711f09ba28', '2025-11-21 16:21:06.862496+00', 'robot_system');
INSERT INTO public.movements (id, container_id, from_slot, to_slot, "timestamp", moved_by) VALUES ('d9a2c91d-2833-41b5-a054-7c27e94f6a0c', 'b411fb2a-1f6b-4f8e-a99b-063bff998519', 'd0d65c6f-5855-4082-b168-04711f09ba28', '7df969fb-9f96-479f-acdb-3aacd70724bc', '2025-11-21 16:21:51.921997+00', 'robot_system');
INSERT INTO public.movements (id, container_id, from_slot, to_slot, "timestamp", moved_by) VALUES ('cf9f2f4d-8954-4d5d-a258-40557b48e650', 'b411fb2a-1f6b-4f8e-a99b-063bff998519', '7df969fb-9f96-479f-acdb-3aacd70724bc', 'd0d65c6f-5855-4082-b168-04711f09ba28', '2025-11-21 16:22:42.910598+00', 'robot_system');
INSERT INTO public.movements (id, container_id, from_slot, to_slot, "timestamp", moved_by) VALUES ('eff83a35-be84-4edd-be61-83b44b81f60a', 'b411fb2a-1f6b-4f8e-a99b-063bff998519', 'd0d65c6f-5855-4082-b168-04711f09ba28', '7df969fb-9f96-479f-acdb-3aacd70724bc', '2025-11-21 16:23:18.224767+00', 'robot_system');
INSERT INTO public.movements (id, container_id, from_slot, to_slot, "timestamp", moved_by) VALUES ('83bec440-ba67-4c42-b169-9c7d15555f23', 'b411fb2a-1f6b-4f8e-a99b-063bff998519', '7df969fb-9f96-479f-acdb-3aacd70724bc', '7df969fb-9f96-479f-acdb-3aacd70724bc', '2025-11-21 16:24:08.445058+00', 'robot_system');
INSERT INTO public.movements (id, container_id, from_slot, to_slot, "timestamp", moved_by) VALUES ('13192609-ec89-4ce3-95fa-ce54d1332d9e', 'b411fb2a-1f6b-4f8e-a99b-063bff998519', '7df969fb-9f96-479f-acdb-3aacd70724bc', 'd0d65c6f-5855-4082-b168-04711f09ba28', '2025-11-21 16:25:34.461612+00', 'robot_system');
INSERT INTO public.movements (id, container_id, from_slot, to_slot, "timestamp", moved_by) VALUES ('487b89b9-64f9-4907-a5c3-83aef12cd519', 'b411fb2a-1f6b-4f8e-a99b-063bff998519', 'd0d65c6f-5855-4082-b168-04711f09ba28', '7df969fb-9f96-479f-acdb-3aacd70724bc', '2025-11-21 16:25:39.416771+00', 'robot_system');
INSERT INTO public.movements (id, container_id, from_slot, to_slot, "timestamp", moved_by) VALUES ('f9ba5d13-9360-4be4-8348-3a5fa51423af', 'b411fb2a-1f6b-4f8e-a99b-063bff998519', '7df969fb-9f96-479f-acdb-3aacd70724bc', 'd0d65c6f-5855-4082-b168-04711f09ba28', '2025-11-21 16:26:52.43358+00', 'robot_system');
INSERT INTO public.movements (id, container_id, from_slot, to_slot, "timestamp", moved_by) VALUES ('0b87e64e-7a53-4048-bc7c-eba893551007', 'b411fb2a-1f6b-4f8e-a99b-063bff998519', 'd0d65c6f-5855-4082-b168-04711f09ba28', '7df969fb-9f96-479f-acdb-3aacd70724bc', '2025-11-21 16:28:19.599503+00', 'robot_system');
INSERT INTO public.movements (id, container_id, from_slot, to_slot, "timestamp", moved_by) VALUES ('b93c9ca5-5bdd-4468-89f7-14febc7436a6', 'b411fb2a-1f6b-4f8e-a99b-063bff998519', '7df969fb-9f96-479f-acdb-3aacd70724bc', 'd0d65c6f-5855-4082-b168-04711f09ba28', '2025-11-21 16:30:52.211492+00', 'robot_system');
INSERT INTO public.movements (id, container_id, from_slot, to_slot, "timestamp", moved_by) VALUES ('2a3b564b-7065-4341-9160-66bcce84f6a5', 'b411fb2a-1f6b-4f8e-a99b-063bff998519', 'd0d65c6f-5855-4082-b168-04711f09ba28', '7df969fb-9f96-479f-acdb-3aacd70724bc', '2025-11-21 16:34:22.601175+00', 'robot_system');
INSERT INTO public.movements (id, container_id, from_slot, to_slot, "timestamp", moved_by) VALUES ('e12a5edc-1030-4212-978b-5f63f200709d', 'b411fb2a-1f6b-4f8e-a99b-063bff998519', '7df969fb-9f96-479f-acdb-3aacd70724bc', 'd0d65c6f-5855-4082-b168-04711f09ba28', '2025-11-21 16:35:19.005333+00', 'robot_system');
INSERT INTO public.movements (id, container_id, from_slot, to_slot, "timestamp", moved_by) VALUES ('4dbc75d7-8ded-4539-9114-ed8c95312304', 'b411fb2a-1f6b-4f8e-a99b-063bff998519', 'd0d65c6f-5855-4082-b168-04711f09ba28', '7df969fb-9f96-479f-acdb-3aacd70724bc', '2025-11-21 16:36:22.610983+00', 'robot_system');
INSERT INTO public.movements (id, container_id, from_slot, to_slot, "timestamp", moved_by) VALUES ('22b9775e-dd99-4983-928a-411f1d34113c', 'b411fb2a-1f6b-4f8e-a99b-063bff998519', '7df969fb-9f96-479f-acdb-3aacd70724bc', 'd0d65c6f-5855-4082-b168-04711f09ba28', '2025-11-21 16:39:36.796793+00', 'robot_system');
INSERT INTO public.movements (id, container_id, from_slot, to_slot, "timestamp", moved_by) VALUES ('2f1360ea-1537-4ca8-bc9e-5b835f1523ef', 'b411fb2a-1f6b-4f8e-a99b-063bff998519', 'd0d65c6f-5855-4082-b168-04711f09ba28', '7df969fb-9f96-479f-acdb-3aacd70724bc', '2025-11-21 16:40:32.606323+00', 'robot_system');
INSERT INTO public.movements (id, container_id, from_slot, to_slot, "timestamp", moved_by) VALUES ('d132fe63-fa75-464f-a09e-c135c099aef8', 'b411fb2a-1f6b-4f8e-a99b-063bff998519', '7df969fb-9f96-479f-acdb-3aacd70724bc', 'd0d65c6f-5855-4082-b168-04711f09ba28', '2025-11-21 16:41:15.541655+00', 'robot_system');
INSERT INTO public.movements (id, container_id, from_slot, to_slot, "timestamp", moved_by) VALUES ('427f0db4-537a-4c79-80a9-3ae1c648ba69', 'b411fb2a-1f6b-4f8e-a99b-063bff998519', 'd0d65c6f-5855-4082-b168-04711f09ba28', '7df969fb-9f96-479f-acdb-3aacd70724bc', '2025-11-21 16:43:26.910056+00', 'robot_system');
INSERT INTO public.movements (id, container_id, from_slot, to_slot, "timestamp", moved_by) VALUES ('f2b23c13-69fe-4499-836c-166a175731df', 'b411fb2a-1f6b-4f8e-a99b-063bff998519', '7df969fb-9f96-479f-acdb-3aacd70724bc', 'd0d65c6f-5855-4082-b168-04711f09ba28', '2025-11-21 16:45:40.526397+00', 'robot_system');
INSERT INTO public.movements (id, container_id, from_slot, to_slot, "timestamp", moved_by) VALUES ('09ccafb0-9499-4a5a-95fc-314d40b64b00', 'b411fb2a-1f6b-4f8e-a99b-063bff998519', 'd0d65c6f-5855-4082-b168-04711f09ba28', '7df969fb-9f96-479f-acdb-3aacd70724bc', '2025-11-21 16:46:58.539094+00', 'robot_system');
INSERT INTO public.movements (id, container_id, from_slot, to_slot, "timestamp", moved_by) VALUES ('3ea5b9a7-c311-4fd5-8e08-cacd51ac1054', 'b411fb2a-1f6b-4f8e-a99b-063bff998519', '7df969fb-9f96-479f-acdb-3aacd70724bc', '7df969fb-9f96-479f-acdb-3aacd70724bc', '2025-11-21 16:47:59.694713+00', 'robot_system');
INSERT INTO public.movements (id, container_id, from_slot, to_slot, "timestamp", moved_by) VALUES ('9cf1dc74-ac44-4788-8bf5-b3353785846d', 'b411fb2a-1f6b-4f8e-a99b-063bff998519', '7df969fb-9f96-479f-acdb-3aacd70724bc', 'd0d65c6f-5855-4082-b168-04711f09ba28', '2025-11-21 16:48:54.829603+00', 'robot_system');
INSERT INTO public.movements (id, container_id, from_slot, to_slot, "timestamp", moved_by) VALUES ('63fb627c-2a93-4f11-a8c1-8eef33613fd7', 'b411fb2a-1f6b-4f8e-a99b-063bff998519', 'd0d65c6f-5855-4082-b168-04711f09ba28', '5d8d460f-02f2-4504-9f80-9b74d64f30fc', '2025-11-21 16:48:59.877027+00', 'robot_system');
INSERT INTO public.movements (id, container_id, from_slot, to_slot, "timestamp", moved_by) VALUES ('e7341a93-3e3e-4189-afeb-6be0c3e2b3d4', 'b411fb2a-1f6b-4f8e-a99b-063bff998519', '5d8d460f-02f2-4504-9f80-9b74d64f30fc', 'd0d65c6f-5855-4082-b168-04711f09ba28', '2025-11-21 16:49:48.57483+00', 'robot_system');
INSERT INTO public.movements (id, container_id, from_slot, to_slot, "timestamp", moved_by) VALUES ('2be5edd9-f067-431a-81e0-da01a4522092', 'b411fb2a-1f6b-4f8e-a99b-063bff998519', 'd0d65c6f-5855-4082-b168-04711f09ba28', '5d8d460f-02f2-4504-9f80-9b74d64f30fc', '2025-11-21 16:50:32.056465+00', 'robot_system');
INSERT INTO public.movements (id, container_id, from_slot, to_slot, "timestamp", moved_by) VALUES ('1cf3fc36-36a8-440a-b402-b7f3fd812cbc', 'b411fb2a-1f6b-4f8e-a99b-063bff998519', '5d8d460f-02f2-4504-9f80-9b74d64f30fc', 'd0d65c6f-5855-4082-b168-04711f09ba28', '2025-11-21 16:51:10.508001+00', 'robot_system');
INSERT INTO public.movements (id, container_id, from_slot, to_slot, "timestamp", moved_by) VALUES ('0ec25dd6-6526-4044-bcbf-5de1fdfad044', 'b411fb2a-1f6b-4f8e-a99b-063bff998519', 'd0d65c6f-5855-4082-b168-04711f09ba28', '5d8d460f-02f2-4504-9f80-9b74d64f30fc', '2025-11-21 16:51:21.638941+00', 'robot_system');
INSERT INTO public.movements (id, container_id, from_slot, to_slot, "timestamp", moved_by) VALUES ('9a668e3c-6dee-4eeb-91f1-30249ea8f8ff', 'b411fb2a-1f6b-4f8e-a99b-063bff998519', '5d8d460f-02f2-4504-9f80-9b74d64f30fc', 'd0d65c6f-5855-4082-b168-04711f09ba28', '2025-11-21 16:52:14.424661+00', 'robot_system');
INSERT INTO public.movements (id, container_id, from_slot, to_slot, "timestamp", moved_by) VALUES ('4abc1682-b4db-46d1-841b-f1a292ac5cb1', 'b411fb2a-1f6b-4f8e-a99b-063bff998519', 'd0d65c6f-5855-4082-b168-04711f09ba28', '5d8d460f-02f2-4504-9f80-9b74d64f30fc', '2025-11-21 16:52:45.873355+00', 'robot_system');
INSERT INTO public.movements (id, container_id, from_slot, to_slot, "timestamp", moved_by) VALUES ('586343f2-28f3-403c-8ef9-b45e245e3e85', 'b411fb2a-1f6b-4f8e-a99b-063bff998519', '5d8d460f-02f2-4504-9f80-9b74d64f30fc', '5d8d460f-02f2-4504-9f80-9b74d64f30fc', '2025-11-21 16:54:46.802898+00', 'robot_system');
INSERT INTO public.movements (id, container_id, from_slot, to_slot, "timestamp", moved_by) VALUES ('949d2440-cc02-4a50-a34a-4c7b3413a184', 'b411fb2a-1f6b-4f8e-a99b-063bff998519', '5d8d460f-02f2-4504-9f80-9b74d64f30fc', 'd0d65c6f-5855-4082-b168-04711f09ba28', '2025-11-21 16:55:55.96354+00', 'robot_system');
INSERT INTO public.movements (id, container_id, from_slot, to_slot, "timestamp", moved_by) VALUES ('2d1537ca-fa6a-4997-a9f3-8f0719c111ff', 'b411fb2a-1f6b-4f8e-a99b-063bff998519', 'd0d65c6f-5855-4082-b168-04711f09ba28', '7df969fb-9f96-479f-acdb-3aacd70724bc', '2025-11-21 16:56:55.631696+00', 'robot_system');
INSERT INTO public.movements (id, container_id, from_slot, to_slot, "timestamp", moved_by) VALUES ('599613d6-9b10-4d30-8d04-8be31a82657b', 'b411fb2a-1f6b-4f8e-a99b-063bff998519', '7df969fb-9f96-479f-acdb-3aacd70724bc', 'd0d65c6f-5855-4082-b168-04711f09ba28', '2025-11-21 16:58:31.420123+00', 'robot_system');
INSERT INTO public.movements (id, container_id, from_slot, to_slot, "timestamp", moved_by) VALUES ('38feaa5d-005f-4374-b1e1-824b5ccc1e71', 'b411fb2a-1f6b-4f8e-a99b-063bff998519', 'd0d65c6f-5855-4082-b168-04711f09ba28', '7df969fb-9f96-479f-acdb-3aacd70724bc', '2025-11-21 16:58:39.542801+00', 'robot_system');
INSERT INTO public.movements (id, container_id, from_slot, to_slot, "timestamp", moved_by) VALUES ('3d91c3f5-146a-422a-aea2-8fcc50cf0c93', 'b411fb2a-1f6b-4f8e-a99b-063bff998519', '7df969fb-9f96-479f-acdb-3aacd70724bc', 'd0d65c6f-5855-4082-b168-04711f09ba28', '2025-11-21 17:00:00.953519+00', 'robot_system');
INSERT INTO public.movements (id, container_id, from_slot, to_slot, "timestamp", moved_by) VALUES ('962876b1-b3aa-4bd2-8ad9-fb52e67ce3d3', 'b411fb2a-1f6b-4f8e-a99b-063bff998519', 'd0d65c6f-5855-4082-b168-04711f09ba28', '7df969fb-9f96-479f-acdb-3aacd70724bc', '2025-11-21 17:02:28.589199+00', 'robot_system');
INSERT INTO public.movements (id, container_id, from_slot, to_slot, "timestamp", moved_by) VALUES ('e23efc43-f522-43d2-98d6-ea7d7cbaa809', 'b411fb2a-1f6b-4f8e-a99b-063bff998519', '7df969fb-9f96-479f-acdb-3aacd70724bc', 'd0d65c6f-5855-4082-b168-04711f09ba28', '2025-11-21 17:03:56.212667+00', 'robot_system');
INSERT INTO public.movements (id, container_id, from_slot, to_slot, "timestamp", moved_by) VALUES ('6e534fde-e497-4fde-8163-9d071725e420', 'b411fb2a-1f6b-4f8e-a99b-063bff998519', 'd0d65c6f-5855-4082-b168-04711f09ba28', '7df969fb-9f96-479f-acdb-3aacd70724bc', '2025-11-21 17:04:09.405988+00', 'robot_system');
INSERT INTO public.movements (id, container_id, from_slot, to_slot, "timestamp", moved_by) VALUES ('2d92c9c6-c9fa-4052-9024-0021f0f011b0', 'b411fb2a-1f6b-4f8e-a99b-063bff998519', '7df969fb-9f96-479f-acdb-3aacd70724bc', '7df969fb-9f96-479f-acdb-3aacd70724bc', '2025-11-21 17:05:12.08498+00', 'robot_system');
INSERT INTO public.movements (id, container_id, from_slot, to_slot, "timestamp", moved_by) VALUES ('6f6e7f79-e3a4-4f5e-823c-4b6b07f01756', 'b411fb2a-1f6b-4f8e-a99b-063bff998519', '7df969fb-9f96-479f-acdb-3aacd70724bc', 'd0d65c6f-5855-4082-b168-04711f09ba28', '2025-11-21 17:06:38.176904+00', 'robot_system');
INSERT INTO public.movements (id, container_id, from_slot, to_slot, "timestamp", moved_by) VALUES ('718f255d-367a-446c-9ef6-c870ab53d3b4', 'b411fb2a-1f6b-4f8e-a99b-063bff998519', 'd0d65c6f-5855-4082-b168-04711f09ba28', '7df969fb-9f96-479f-acdb-3aacd70724bc', '2025-11-21 17:10:41.900041+00', 'robot_system');
INSERT INTO public.movements (id, container_id, from_slot, to_slot, "timestamp", moved_by) VALUES ('633f8586-f93b-4285-b36f-60c82cebe4ff', 'b411fb2a-1f6b-4f8e-a99b-063bff998519', '7df969fb-9f96-479f-acdb-3aacd70724bc', '7df969fb-9f96-479f-acdb-3aacd70724bc', '2025-11-21 17:19:20.412342+00', 'robot_system');
INSERT INTO public.movements (id, container_id, from_slot, to_slot, "timestamp", moved_by) VALUES ('c18d2e43-035d-4bb6-8df1-3db432bf65c6', 'b411fb2a-1f6b-4f8e-a99b-063bff998519', '7df969fb-9f96-479f-acdb-3aacd70724bc', '7df969fb-9f96-479f-acdb-3aacd70724bc', '2025-11-21 17:20:15.167012+00', 'robot_system');
INSERT INTO public.movements (id, container_id, from_slot, to_slot, "timestamp", moved_by) VALUES ('ee48511a-b081-4208-b768-682c3e7f55ad', 'b411fb2a-1f6b-4f8e-a99b-063bff998519', '7df969fb-9f96-479f-acdb-3aacd70724bc', 'd0d65c6f-5855-4082-b168-04711f09ba28', '2025-11-21 17:22:18.42779+00', 'robot_system');
INSERT INTO public.movements (id, container_id, from_slot, to_slot, "timestamp", moved_by) VALUES ('2ce99634-e2c4-412f-a16f-8d6003269621', 'b411fb2a-1f6b-4f8e-a99b-063bff998519', 'd0d65c6f-5855-4082-b168-04711f09ba28', '7df969fb-9f96-479f-acdb-3aacd70724bc', '2025-11-21 17:26:38.944492+00', 'robot_system');
INSERT INTO public.movements (id, container_id, from_slot, to_slot, "timestamp", moved_by) VALUES ('1ed9c5f5-434e-4ae1-82d7-b334326ffee1', 'b411fb2a-1f6b-4f8e-a99b-063bff998519', '7df969fb-9f96-479f-acdb-3aacd70724bc', '7df969fb-9f96-479f-acdb-3aacd70724bc', '2025-11-21 17:32:09.321824+00', 'robot_system');
INSERT INTO public.movements (id, container_id, from_slot, to_slot, "timestamp", moved_by) VALUES ('ad59d572-c7bb-4dd3-8a5b-7d5cec394c08', 'b411fb2a-1f6b-4f8e-a99b-063bff998519', '7df969fb-9f96-479f-acdb-3aacd70724bc', '7df969fb-9f96-479f-acdb-3aacd70724bc', '2025-11-21 17:34:07.74255+00', 'robot_system');
INSERT INTO public.movements (id, container_id, from_slot, to_slot, "timestamp", moved_by) VALUES ('12dd7aed-30ac-46fa-ae07-f119d089da94', 'b411fb2a-1f6b-4f8e-a99b-063bff998519', '7df969fb-9f96-479f-acdb-3aacd70724bc', 'd0d65c6f-5855-4082-b168-04711f09ba28', '2025-11-25 09:05:25.874753+00', 'robot_system');
INSERT INTO public.movements (id, container_id, from_slot, to_slot, "timestamp", moved_by) VALUES ('a801d821-9e2d-4e47-acd6-ab2d289077ea', 'b411fb2a-1f6b-4f8e-a99b-063bff998519', 'd0d65c6f-5855-4082-b168-04711f09ba28', '89552f9a-3682-4a12-ba60-90d6b46a0238', '2025-11-25 09:05:55.749944+00', 'robot_system');
INSERT INTO public.movements (id, container_id, from_slot, to_slot, "timestamp", moved_by) VALUES ('d097f2d0-1552-4d18-b555-ea6aeeed7217', 'b411fb2a-1f6b-4f8e-a99b-063bff998519', '89552f9a-3682-4a12-ba60-90d6b46a0238', 'd0d65c6f-5855-4082-b168-04711f09ba28', '2025-11-25 09:06:39.658869+00', 'robot_system');
INSERT INTO public.movements (id, container_id, from_slot, to_slot, "timestamp", moved_by) VALUES ('93ff4cbc-5175-48c2-89c5-a24c376fb305', 'b411fb2a-1f6b-4f8e-a99b-063bff998519', 'd0d65c6f-5855-4082-b168-04711f09ba28', '5d8d460f-02f2-4504-9f80-9b74d64f30fc', '2025-11-25 09:10:20.643748+00', 'aa');
INSERT INTO public.movements (id, container_id, from_slot, to_slot, "timestamp", moved_by) VALUES ('a55cd433-1a46-4585-aa11-4e3392f2b10e', 'b411fb2a-1f6b-4f8e-a99b-063bff998519', '5d8d460f-02f2-4504-9f80-9b74d64f30fc', 'd0d65c6f-5855-4082-b168-04711f09ba28', '2025-11-25 09:11:20.172896+00', 'robot_system');
INSERT INTO public.movements (id, container_id, from_slot, to_slot, "timestamp", moved_by) VALUES ('4fe529cb-6b73-42ca-82ff-cdf90eceeeda', 'b411fb2a-1f6b-4f8e-a99b-063bff998519', 'd0d65c6f-5855-4082-b168-04711f09ba28', '5d8d460f-02f2-4504-9f80-9b74d64f30fc', '2025-11-25 09:16:33.744475+00', 'robot_system');
INSERT INTO public.movements (id, container_id, from_slot, to_slot, "timestamp", moved_by) VALUES ('8d6ac0e3-8c62-491e-9c1b-443f7b7fe442', 'b411fb2a-1f6b-4f8e-a99b-063bff998519', '5d8d460f-02f2-4504-9f80-9b74d64f30fc', '5d8d460f-02f2-4504-9f80-9b74d64f30fc', '2025-11-25 09:59:19.214149+00', 'robot_system');
INSERT INTO public.movements (id, container_id, from_slot, to_slot, "timestamp", moved_by) VALUES ('9f72ce07-26ec-4191-9be3-e18c38f4ea0d', 'b411fb2a-1f6b-4f8e-a99b-063bff998519', '5d8d460f-02f2-4504-9f80-9b74d64f30fc', 'd0d65c6f-5855-4082-b168-04711f09ba28', '2025-11-25 10:00:10.613935+00', 'robot_system');
INSERT INTO public.movements (id, container_id, from_slot, to_slot, "timestamp", moved_by) VALUES ('5b2c4cf4-4659-4cfe-bd03-b8cc423d7837', 'b411fb2a-1f6b-4f8e-a99b-063bff998519', 'd0d65c6f-5855-4082-b168-04711f09ba28', '5d8d460f-02f2-4504-9f80-9b74d64f30fc', '2025-11-25 10:00:24.697923+00', 'robot_system');
INSERT INTO public.movements (id, container_id, from_slot, to_slot, "timestamp", moved_by) VALUES ('8d432687-41a5-4501-8187-a7754e5a3fe3', 'b411fb2a-1f6b-4f8e-a99b-063bff998519', '5d8d460f-02f2-4504-9f80-9b74d64f30fc', 'd0d65c6f-5855-4082-b168-04711f09ba28', '2025-11-25 10:01:16.807756+00', 'robot_system');
INSERT INTO public.movements (id, container_id, from_slot, to_slot, "timestamp", moved_by) VALUES ('5a2ecaad-2296-4391-9cb3-82d71033aed5', 'b411fb2a-1f6b-4f8e-a99b-063bff998519', 'd0d65c6f-5855-4082-b168-04711f09ba28', '5d8d460f-02f2-4504-9f80-9b74d64f30fc', '2025-11-25 10:01:28.097998+00', 'robot_system');
INSERT INTO public.movements (id, container_id, from_slot, to_slot, "timestamp", moved_by) VALUES ('8302cbe8-f1f0-4466-b94c-f31a3e05cfd5', 'b411fb2a-1f6b-4f8e-a99b-063bff998519', '5d8d460f-02f2-4504-9f80-9b74d64f30fc', 'd0d65c6f-5855-4082-b168-04711f09ba28', '2025-11-25 10:03:23.758613+00', 'robot_system');
INSERT INTO public.movements (id, container_id, from_slot, to_slot, "timestamp", moved_by) VALUES ('fb1aafdb-d0c0-4728-ab7f-a229e04deda1', 'b411fb2a-1f6b-4f8e-a99b-063bff998519', 'd0d65c6f-5855-4082-b168-04711f09ba28', '5d8d460f-02f2-4504-9f80-9b74d64f30fc', '2025-11-25 10:03:34.179221+00', 'robot_system');
INSERT INTO public.movements (id, container_id, from_slot, to_slot, "timestamp", moved_by) VALUES ('40d2efb4-f55b-4bad-b008-87afbac8f881', 'b411fb2a-1f6b-4f8e-a99b-063bff998519', '5d8d460f-02f2-4504-9f80-9b74d64f30fc', 'd0d65c6f-5855-4082-b168-04711f09ba28', '2025-11-25 10:06:07.852655+00', 'robot_system');
INSERT INTO public.movements (id, container_id, from_slot, to_slot, "timestamp", moved_by) VALUES ('5babb5c3-b141-4a07-b98a-d2c1f7572d0a', 'b411fb2a-1f6b-4f8e-a99b-063bff998519', 'd0d65c6f-5855-4082-b168-04711f09ba28', '5d8d460f-02f2-4504-9f80-9b74d64f30fc', '2025-11-25 10:07:22.795959+00', 'robot_system');
INSERT INTO public.movements (id, container_id, from_slot, to_slot, "timestamp", moved_by) VALUES ('f7bc52fd-4aab-4fb7-9c22-2942af8a191a', 'b411fb2a-1f6b-4f8e-a99b-063bff998519', '5d8d460f-02f2-4504-9f80-9b74d64f30fc', '5d8d460f-02f2-4504-9f80-9b74d64f30fc', '2025-11-25 10:10:16.244457+00', 'robot_system');
INSERT INTO public.movements (id, container_id, from_slot, to_slot, "timestamp", moved_by) VALUES ('dba0f677-125e-4ffb-af2f-5f5a6769bcae', 'b411fb2a-1f6b-4f8e-a99b-063bff998519', '5d8d460f-02f2-4504-9f80-9b74d64f30fc', 'd0d65c6f-5855-4082-b168-04711f09ba28', '2025-11-25 10:16:32.505763+00', 'robot_system');
INSERT INTO public.movements (id, container_id, from_slot, to_slot, "timestamp", moved_by) VALUES ('8859c033-9538-4061-8154-f7a9c5b9319c', 'b411fb2a-1f6b-4f8e-a99b-063bff998519', 'd0d65c6f-5855-4082-b168-04711f09ba28', '7df969fb-9f96-479f-acdb-3aacd70724bc', '2025-11-25 10:16:53.111101+00', 'robot_system');
INSERT INTO public.movements (id, container_id, from_slot, to_slot, "timestamp", moved_by) VALUES ('79c1edf9-859e-4865-8928-cc29ec2237a5', 'b411fb2a-1f6b-4f8e-a99b-063bff998519', '7df969fb-9f96-479f-acdb-3aacd70724bc', 'd0d65c6f-5855-4082-b168-04711f09ba28', '2025-11-25 10:17:30.210736+00', 'robot_system');
INSERT INTO public.movements (id, container_id, from_slot, to_slot, "timestamp", moved_by) VALUES ('d3dde48c-0b56-496f-89e7-3ac89add180c', 'b411fb2a-1f6b-4f8e-a99b-063bff998519', 'd0d65c6f-5855-4082-b168-04711f09ba28', '7df969fb-9f96-479f-acdb-3aacd70724bc', '2025-11-25 11:07:35.26177+00', 'robot_system');
INSERT INTO public.movements (id, container_id, from_slot, to_slot, "timestamp", moved_by) VALUES ('d1c80c68-4857-4356-8d37-79931c0c9f0c', 'b411fb2a-1f6b-4f8e-a99b-063bff998519', '7df969fb-9f96-479f-acdb-3aacd70724bc', 'd0d65c6f-5855-4082-b168-04711f09ba28', '2025-11-25 11:09:24.825376+00', 'robot_system');
INSERT INTO public.movements (id, container_id, from_slot, to_slot, "timestamp", moved_by) VALUES ('04e9f200-c221-4224-9205-a5081909432c', 'b411fb2a-1f6b-4f8e-a99b-063bff998519', 'd0d65c6f-5855-4082-b168-04711f09ba28', '7df969fb-9f96-479f-acdb-3aacd70724bc', '2025-11-25 11:09:36.549075+00', 'robot_system');
INSERT INTO public.movements (id, container_id, from_slot, to_slot, "timestamp", moved_by) VALUES ('83b9f10b-5304-4a02-999c-f0165a857b9b', 'b411fb2a-1f6b-4f8e-a99b-063bff998519', '7df969fb-9f96-479f-acdb-3aacd70724bc', 'd0d65c6f-5855-4082-b168-04711f09ba28', '2025-11-25 11:11:01.681864+00', 'robot_system');
INSERT INTO public.movements (id, container_id, from_slot, to_slot, "timestamp", moved_by) VALUES ('df8e9fb5-29d9-4586-9548-261f0076773f', 'b411fb2a-1f6b-4f8e-a99b-063bff998519', 'd0d65c6f-5855-4082-b168-04711f09ba28', '7df969fb-9f96-479f-acdb-3aacd70724bc', '2025-11-25 11:11:33.89945+00', 'robot_system');
INSERT INTO public.movements (id, container_id, from_slot, to_slot, "timestamp", moved_by) VALUES ('e8090a79-ec2b-46cb-bdfb-ba762ae0185c', 'b411fb2a-1f6b-4f8e-a99b-063bff998519', '7df969fb-9f96-479f-acdb-3aacd70724bc', 'd0d65c6f-5855-4082-b168-04711f09ba28', '2025-11-25 11:14:22.907994+00', 'robot_system');
INSERT INTO public.movements (id, container_id, from_slot, to_slot, "timestamp", moved_by) VALUES ('3d3c80f8-39d0-4060-b716-6803c18ed8af', 'b411fb2a-1f6b-4f8e-a99b-063bff998519', 'd0d65c6f-5855-4082-b168-04711f09ba28', '7df969fb-9f96-479f-acdb-3aacd70724bc', '2025-11-25 12:09:16.255148+00', 'robot_system');
INSERT INTO public.movements (id, container_id, from_slot, to_slot, "timestamp", moved_by) VALUES ('7d310ded-bf72-41ec-978e-4800a30d9428', 'b411fb2a-1f6b-4f8e-a99b-063bff998519', '7df969fb-9f96-479f-acdb-3aacd70724bc', 'd0d65c6f-5855-4082-b168-04711f09ba28', '2025-11-25 12:10:48.519891+00', 'robot_system');
INSERT INTO public.movements (id, container_id, from_slot, to_slot, "timestamp", moved_by) VALUES ('694b8b84-523d-4c9c-81f6-083ff9c7999a', 'b411fb2a-1f6b-4f8e-a99b-063bff998519', 'd0d65c6f-5855-4082-b168-04711f09ba28', '5d8d460f-02f2-4504-9f80-9b74d64f30fc', '2025-11-25 12:11:25.792943+00', 'robot_system');
INSERT INTO public.movements (id, container_id, from_slot, to_slot, "timestamp", moved_by) VALUES ('11f25631-fefb-4b4b-8869-65aa738af40d', 'b411fb2a-1f6b-4f8e-a99b-063bff998519', '5d8d460f-02f2-4504-9f80-9b74d64f30fc', 'd0d65c6f-5855-4082-b168-04711f09ba28', '2025-11-25 12:12:21.603793+00', 'robot_system');
INSERT INTO public.movements (id, container_id, from_slot, to_slot, "timestamp", moved_by) VALUES ('513b8bce-f555-4ead-b8a3-eae88ee144db', 'b411fb2a-1f6b-4f8e-a99b-063bff998519', 'd0d65c6f-5855-4082-b168-04711f09ba28', '5d8d460f-02f2-4504-9f80-9b74d64f30fc', '2025-11-25 12:13:16.625061+00', 'robot_system');
INSERT INTO public.movements (id, container_id, from_slot, to_slot, "timestamp", moved_by) VALUES ('1974f8b6-a342-4c71-a71c-a88b027a25d5', 'b411fb2a-1f6b-4f8e-a99b-063bff998519', '5d8d460f-02f2-4504-9f80-9b74d64f30fc', 'd0d65c6f-5855-4082-b168-04711f09ba28', '2025-11-25 12:14:33.738096+00', 'robot_system');
INSERT INTO public.movements (id, container_id, from_slot, to_slot, "timestamp", moved_by) VALUES ('2eff472e-0098-4ee4-a7ff-5dedc047ab55', 'b411fb2a-1f6b-4f8e-a99b-063bff998519', 'd0d65c6f-5855-4082-b168-04711f09ba28', '5d8d460f-02f2-4504-9f80-9b74d64f30fc', '2025-11-25 12:20:04.96678+00', 'robot_system');
INSERT INTO public.movements (id, container_id, from_slot, to_slot, "timestamp", moved_by) VALUES ('6bd7183e-f177-4c3c-8ce7-56f875f53857', 'b411fb2a-1f6b-4f8e-a99b-063bff998519', '5d8d460f-02f2-4504-9f80-9b74d64f30fc', 'd0d65c6f-5855-4082-b168-04711f09ba28', '2025-11-25 12:21:14.157888+00', 'robot_system');
INSERT INTO public.movements (id, container_id, from_slot, to_slot, "timestamp", moved_by) VALUES ('2b0e3a3f-420b-4bd8-8cd2-93f81b699a94', 'b411fb2a-1f6b-4f8e-a99b-063bff998519', 'd0d65c6f-5855-4082-b168-04711f09ba28', '5d8d460f-02f2-4504-9f80-9b74d64f30fc', '2025-11-25 12:21:31.915355+00', 'robot_system');
INSERT INTO public.movements (id, container_id, from_slot, to_slot, "timestamp", moved_by) VALUES ('7c330613-b0cd-4058-9c8c-9bca0c20d4db', 'b411fb2a-1f6b-4f8e-a99b-063bff998519', '5d8d460f-02f2-4504-9f80-9b74d64f30fc', 'd0d65c6f-5855-4082-b168-04711f09ba28', '2025-11-25 12:23:32.289578+00', 'robot_system');
INSERT INTO public.movements (id, container_id, from_slot, to_slot, "timestamp", moved_by) VALUES ('09fd0171-e7d0-4e12-95a1-90b4fbd80891', 'b411fb2a-1f6b-4f8e-a99b-063bff998519', 'd0d65c6f-5855-4082-b168-04711f09ba28', '5d8d460f-02f2-4504-9f80-9b74d64f30fc', '2025-11-25 12:26:09.172274+00', 'robot_system');
INSERT INTO public.movements (id, container_id, from_slot, to_slot, "timestamp", moved_by) VALUES ('0a15fb4e-d7dd-40f2-acda-b2d596424af0', 'b411fb2a-1f6b-4f8e-a99b-063bff998519', '5d8d460f-02f2-4504-9f80-9b74d64f30fc', 'd0d65c6f-5855-4082-b168-04711f09ba28', '2025-11-25 12:27:14.754641+00', 'robot_system');
INSERT INTO public.movements (id, container_id, from_slot, to_slot, "timestamp", moved_by) VALUES ('c3d26826-fa0b-4994-b91c-2abfa3b21d5a', 'b411fb2a-1f6b-4f8e-a99b-063bff998519', 'd0d65c6f-5855-4082-b168-04711f09ba28', '5d8d460f-02f2-4504-9f80-9b74d64f30fc', '2025-11-25 12:27:29.905259+00', 'robot_system');
INSERT INTO public.movements (id, container_id, from_slot, to_slot, "timestamp", moved_by) VALUES ('efc7a6a7-661b-41c7-9d37-68440a250bdf', 'b411fb2a-1f6b-4f8e-a99b-063bff998519', '5d8d460f-02f2-4504-9f80-9b74d64f30fc', 'd0d65c6f-5855-4082-b168-04711f09ba28', '2025-11-25 12:28:27.533999+00', 'robot_system');
INSERT INTO public.movements (id, container_id, from_slot, to_slot, "timestamp", moved_by) VALUES ('aa13ccfb-9242-46b1-a55a-8adf9cb356d0', 'b411fb2a-1f6b-4f8e-a99b-063bff998519', 'd0d65c6f-5855-4082-b168-04711f09ba28', '5d8d460f-02f2-4504-9f80-9b74d64f30fc', '2025-11-25 12:28:34.053455+00', 'robot_system');
INSERT INTO public.movements (id, container_id, from_slot, to_slot, "timestamp", moved_by) VALUES ('ba76a6c9-4516-4c16-a5ff-0c7aad7184a6', 'b411fb2a-1f6b-4f8e-a99b-063bff998519', '5d8d460f-02f2-4504-9f80-9b74d64f30fc', '5d8d460f-02f2-4504-9f80-9b74d64f30fc', '2025-11-25 12:38:22.912391+00', 'robot_system');
INSERT INTO public.movements (id, container_id, from_slot, to_slot, "timestamp", moved_by) VALUES ('8cc4fd3c-1eba-415d-934c-7404f2de0738', 'b411fb2a-1f6b-4f8e-a99b-063bff998519', '5d8d460f-02f2-4504-9f80-9b74d64f30fc', 'd0d65c6f-5855-4082-b168-04711f09ba28', '2025-11-25 12:39:32.698274+00', 'robot_system');
INSERT INTO public.movements (id, container_id, from_slot, to_slot, "timestamp", moved_by) VALUES ('7ad1e948-5f69-46ff-8960-538366ab0de6', 'b411fb2a-1f6b-4f8e-a99b-063bff998519', 'd0d65c6f-5855-4082-b168-04711f09ba28', '5d8d460f-02f2-4504-9f80-9b74d64f30fc', '2025-11-25 12:45:46.902798+00', 'robot_system');
INSERT INTO public.movements (id, container_id, from_slot, to_slot, "timestamp", moved_by) VALUES ('8aa26618-ce6b-400a-81fb-b09455fc99c1', 'b411fb2a-1f6b-4f8e-a99b-063bff998519', '5d8d460f-02f2-4504-9f80-9b74d64f30fc', 'd0d65c6f-5855-4082-b168-04711f09ba28', '2025-11-25 12:46:49.452128+00', 'robot_system');
INSERT INTO public.movements (id, container_id, from_slot, to_slot, "timestamp", moved_by) VALUES ('929e49bf-1548-491d-a36d-97b871829616', 'b411fb2a-1f6b-4f8e-a99b-063bff998519', 'd0d65c6f-5855-4082-b168-04711f09ba28', '5d8d460f-02f2-4504-9f80-9b74d64f30fc', '2025-11-25 12:51:46.688169+00', 'robot_system');
INSERT INTO public.movements (id, container_id, from_slot, to_slot, "timestamp", moved_by) VALUES ('519c5fdc-eab4-41ae-a0cd-ec1401e38e87', 'b411fb2a-1f6b-4f8e-a99b-063bff998519', '5d8d460f-02f2-4504-9f80-9b74d64f30fc', '89552f9a-3682-4a12-ba60-90d6b46a0238', '2025-11-25 12:52:41.974508+00', 'robot_system');
INSERT INTO public.movements (id, container_id, from_slot, to_slot, "timestamp", moved_by) VALUES ('65d8b784-e65d-4c9e-a09a-0fd67698a186', 'b411fb2a-1f6b-4f8e-a99b-063bff998519', '89552f9a-3682-4a12-ba60-90d6b46a0238', 'd0d65c6f-5855-4082-b168-04711f09ba28', '2025-11-25 12:52:42.966224+00', 'robot_system');
INSERT INTO public.movements (id, container_id, from_slot, to_slot, "timestamp", moved_by) VALUES ('6600e37c-c347-41e6-bbd0-037d9cea85bb', 'b411fb2a-1f6b-4f8e-a99b-063bff998519', 'd0d65c6f-5855-4082-b168-04711f09ba28', '89552f9a-3682-4a12-ba60-90d6b46a0238', '2025-11-25 12:52:53.132439+00', 'robot_system');
INSERT INTO public.movements (id, container_id, from_slot, to_slot, "timestamp", moved_by) VALUES ('e195c10e-5620-4e80-8863-a03a397be6ac', 'b411fb2a-1f6b-4f8e-a99b-063bff998519', '89552f9a-3682-4a12-ba60-90d6b46a0238', '89552f9a-3682-4a12-ba60-90d6b46a0238', '2025-11-25 12:53:51.500333+00', 'robot_system');
INSERT INTO public.movements (id, container_id, from_slot, to_slot, "timestamp", moved_by) VALUES ('288cfe18-1235-4a4b-bda7-9b2a3a9b3bdd', 'b411fb2a-1f6b-4f8e-a99b-063bff998519', '89552f9a-3682-4a12-ba60-90d6b46a0238', 'd0d65c6f-5855-4082-b168-04711f09ba28', '2025-11-25 12:55:41.982795+00', 'robot_system');
INSERT INTO public.movements (id, container_id, from_slot, to_slot, "timestamp", moved_by) VALUES ('d590a13f-e6be-4425-84d5-f6f6458bd2d7', 'b411fb2a-1f6b-4f8e-a99b-063bff998519', 'd0d65c6f-5855-4082-b168-04711f09ba28', '7df969fb-9f96-479f-acdb-3aacd70724bc', '2025-11-25 12:57:09.765672+00', 'robot_system');
INSERT INTO public.movements (id, container_id, from_slot, to_slot, "timestamp", moved_by) VALUES ('03334958-85cf-48b1-9e61-ed37c261219c', 'b411fb2a-1f6b-4f8e-a99b-063bff998519', '7df969fb-9f96-479f-acdb-3aacd70724bc', 'd0d65c6f-5855-4082-b168-04711f09ba28', '2025-11-25 12:58:36.048874+00', 'robot_system');
INSERT INTO public.movements (id, container_id, from_slot, to_slot, "timestamp", moved_by) VALUES ('89113739-cbd1-47a1-824b-3b60a2b8413a', 'b411fb2a-1f6b-4f8e-a99b-063bff998519', 'd0d65c6f-5855-4082-b168-04711f09ba28', '7df969fb-9f96-479f-acdb-3aacd70724bc', '2025-11-25 13:00:30.130549+00', 'robot_system');
INSERT INTO public.movements (id, container_id, from_slot, to_slot, "timestamp", moved_by) VALUES ('8828b65c-e51c-4b5f-aac3-54bc20a3c853', 'b411fb2a-1f6b-4f8e-a99b-063bff998519', '7df969fb-9f96-479f-acdb-3aacd70724bc', 'd0d65c6f-5855-4082-b168-04711f09ba28', '2025-11-25 13:01:38.8741+00', 'robot_system');
INSERT INTO public.movements (id, container_id, from_slot, to_slot, "timestamp", moved_by) VALUES ('954af2a8-f899-4ea1-8feb-ae27fc87abc9', 'b411fb2a-1f6b-4f8e-a99b-063bff998519', 'd0d65c6f-5855-4082-b168-04711f09ba28', '7df969fb-9f96-479f-acdb-3aacd70724bc', '2025-11-25 13:02:26.30779+00', 'robot_system');
INSERT INTO public.movements (id, container_id, from_slot, to_slot, "timestamp", moved_by) VALUES ('e96d3363-c94f-4321-8090-48ad276023bf', 'b411fb2a-1f6b-4f8e-a99b-063bff998519', '7df969fb-9f96-479f-acdb-3aacd70724bc', '7df969fb-9f96-479f-acdb-3aacd70724bc', '2025-11-25 13:08:18.174595+00', 'robot_system');
INSERT INTO public.movements (id, container_id, from_slot, to_slot, "timestamp", moved_by) VALUES ('e42b18fb-6c53-402e-9481-2ebb7c5a657c', 'b411fb2a-1f6b-4f8e-a99b-063bff998519', '7df969fb-9f96-479f-acdb-3aacd70724bc', 'd0d65c6f-5855-4082-b168-04711f09ba28', '2025-11-25 13:11:30.923431+00', 'robot_system');
INSERT INTO public.movements (id, container_id, from_slot, to_slot, "timestamp", moved_by) VALUES ('5f2a62b4-beb0-4ce5-b9a7-f8a13769852c', 'b411fb2a-1f6b-4f8e-a99b-063bff998519', 'd0d65c6f-5855-4082-b168-04711f09ba28', '89552f9a-3682-4a12-ba60-90d6b46a0238', '2025-11-25 13:11:49.516804+00', 'robot_system');
INSERT INTO public.movements (id, container_id, from_slot, to_slot, "timestamp", moved_by) VALUES ('c30bf28d-5a21-40ae-82f2-222bd4759f0b', 'b411fb2a-1f6b-4f8e-a99b-063bff998519', '89552f9a-3682-4a12-ba60-90d6b46a0238', 'd0d65c6f-5855-4082-b168-04711f09ba28', '2025-11-25 13:12:36.771176+00', 'robot_system');
INSERT INTO public.movements (id, container_id, from_slot, to_slot, "timestamp", moved_by) VALUES ('7dea0194-8853-4db6-add2-7cd3e33fabd2', 'b411fb2a-1f6b-4f8e-a99b-063bff998519', 'd0d65c6f-5855-4082-b168-04711f09ba28', '5d8d460f-02f2-4504-9f80-9b74d64f30fc', '2025-11-25 13:13:23.494257+00', 'robot_system');
INSERT INTO public.movements (id, container_id, from_slot, to_slot, "timestamp", moved_by) VALUES ('cb24d771-35c4-4c3a-8c0a-90045719519e', 'b411fb2a-1f6b-4f8e-a99b-063bff998519', '5d8d460f-02f2-4504-9f80-9b74d64f30fc', 'd0d65c6f-5855-4082-b168-04711f09ba28', '2025-11-25 13:14:41.911313+00', 'robot_system');
INSERT INTO public.movements (id, container_id, from_slot, to_slot, "timestamp", moved_by) VALUES ('a818b259-964e-4482-bdc3-1b7fd30ea62d', 'b411fb2a-1f6b-4f8e-a99b-063bff998519', 'd0d65c6f-5855-4082-b168-04711f09ba28', '89552f9a-3682-4a12-ba60-90d6b46a0238', '2025-11-25 13:14:58.514025+00', 'robot_system');
INSERT INTO public.movements (id, container_id, from_slot, to_slot, "timestamp", moved_by) VALUES ('9118ad4c-b202-4247-84b2-67013cab3ab9', 'b411fb2a-1f6b-4f8e-a99b-063bff998519', '89552f9a-3682-4a12-ba60-90d6b46a0238', 'd0d65c6f-5855-4082-b168-04711f09ba28', '2025-11-25 13:15:54.31323+00', 'robot_system');
INSERT INTO public.movements (id, container_id, from_slot, to_slot, "timestamp", moved_by) VALUES ('14d4770c-e12f-4c3f-b5bd-ab17222b2eda', 'b411fb2a-1f6b-4f8e-a99b-063bff998519', 'd0d65c6f-5855-4082-b168-04711f09ba28', '7df969fb-9f96-479f-acdb-3aacd70724bc', '2025-11-25 13:16:54.252158+00', 'robot_system');
INSERT INTO public.movements (id, container_id, from_slot, to_slot, "timestamp", moved_by) VALUES ('383a8b39-bef3-4155-bad0-1731c8eb27d5', 'b411fb2a-1f6b-4f8e-a99b-063bff998519', '7df969fb-9f96-479f-acdb-3aacd70724bc', 'd0d65c6f-5855-4082-b168-04711f09ba28', '2025-11-25 13:20:03.839006+00', 'robot_system');
INSERT INTO public.movements (id, container_id, from_slot, to_slot, "timestamp", moved_by) VALUES ('a52db232-e317-48b8-9cff-a407a25b82df', 'b411fb2a-1f6b-4f8e-a99b-063bff998519', 'd0d65c6f-5855-4082-b168-04711f09ba28', '7df969fb-9f96-479f-acdb-3aacd70724bc', '2025-11-25 13:21:16.326286+00', 'robot_system');
INSERT INTO public.movements (id, container_id, from_slot, to_slot, "timestamp", moved_by) VALUES ('8c32b36b-76e4-4082-a7d8-2e243a4ce4ae', 'b411fb2a-1f6b-4f8e-a99b-063bff998519', '7df969fb-9f96-479f-acdb-3aacd70724bc', 'd0d65c6f-5855-4082-b168-04711f09ba28', '2025-11-25 13:28:41.341824+00', 'robot_system');
INSERT INTO public.movements (id, container_id, from_slot, to_slot, "timestamp", moved_by) VALUES ('05021a61-1b97-470c-bae7-2b2668ef8d55', 'b411fb2a-1f6b-4f8e-a99b-063bff998519', 'd0d65c6f-5855-4082-b168-04711f09ba28', '7df969fb-9f96-479f-acdb-3aacd70724bc', '2025-11-25 13:32:00.131962+00', 'robot_system');
INSERT INTO public.movements (id, container_id, from_slot, to_slot, "timestamp", moved_by) VALUES ('bb3aadac-f67c-4023-b802-b45ace59fb86', 'b411fb2a-1f6b-4f8e-a99b-063bff998519', '7df969fb-9f96-479f-acdb-3aacd70724bc', 'd0d65c6f-5855-4082-b168-04711f09ba28', '2025-11-25 13:32:50.851263+00', 'robot_system');
INSERT INTO public.movements (id, container_id, from_slot, to_slot, "timestamp", moved_by) VALUES ('a7547168-51fa-4514-a844-9e9ff1dc2d11', 'b411fb2a-1f6b-4f8e-a99b-063bff998519', 'd0d65c6f-5855-4082-b168-04711f09ba28', '89552f9a-3682-4a12-ba60-90d6b46a0238', '2025-11-25 13:33:01.814052+00', 'robot_system');
INSERT INTO public.movements (id, container_id, from_slot, to_slot, "timestamp", moved_by) VALUES ('d4fbfbc2-4082-4632-8d9e-6c37d3942ea1', 'b411fb2a-1f6b-4f8e-a99b-063bff998519', '89552f9a-3682-4a12-ba60-90d6b46a0238', '89552f9a-3682-4a12-ba60-90d6b46a0238', '2025-11-25 13:35:30.588389+00', 'robot_system');
INSERT INTO public.movements (id, container_id, from_slot, to_slot, "timestamp", moved_by) VALUES ('3bc2b504-3548-4f14-8a3d-72fcbd2b4525', 'b411fb2a-1f6b-4f8e-a99b-063bff998519', '89552f9a-3682-4a12-ba60-90d6b46a0238', 'd0d65c6f-5855-4082-b168-04711f09ba28', '2025-11-25 13:37:32.089896+00', 'robot_system');
INSERT INTO public.movements (id, container_id, from_slot, to_slot, "timestamp", moved_by) VALUES ('b346e116-a9fc-4fdc-a3a2-815ed5cda572', 'b411fb2a-1f6b-4f8e-a99b-063bff998519', 'd0d65c6f-5855-4082-b168-04711f09ba28', '89552f9a-3682-4a12-ba60-90d6b46a0238', '2025-11-25 13:39:34.995795+00', 'robot_system');
INSERT INTO public.movements (id, container_id, from_slot, to_slot, "timestamp", moved_by) VALUES ('3a416590-8249-4eed-b9d9-440703f99db6', 'b411fb2a-1f6b-4f8e-a99b-063bff998519', '89552f9a-3682-4a12-ba60-90d6b46a0238', 'd0d65c6f-5855-4082-b168-04711f09ba28', '2025-11-25 13:42:26.599995+00', 'robot_system');
INSERT INTO public.movements (id, container_id, from_slot, to_slot, "timestamp", moved_by) VALUES ('4d85453e-0152-4fa6-a6e7-b56a8cba4e1d', 'b411fb2a-1f6b-4f8e-a99b-063bff998519', 'd0d65c6f-5855-4082-b168-04711f09ba28', '89552f9a-3682-4a12-ba60-90d6b46a0238', '2025-11-25 13:44:48.528628+00', 'robot_system');
INSERT INTO public.movements (id, container_id, from_slot, to_slot, "timestamp", moved_by) VALUES ('8bc33553-ecd1-4ae7-8b24-80aeeec5cdbf', 'b411fb2a-1f6b-4f8e-a99b-063bff998519', '89552f9a-3682-4a12-ba60-90d6b46a0238', 'd0d65c6f-5855-4082-b168-04711f09ba28', '2025-11-25 13:46:09.783247+00', 'robot_system');
INSERT INTO public.movements (id, container_id, from_slot, to_slot, "timestamp", moved_by) VALUES ('4026af77-8717-4bc6-ba16-5effcd31ce63', 'b411fb2a-1f6b-4f8e-a99b-063bff998519', 'd0d65c6f-5855-4082-b168-04711f09ba28', '7df969fb-9f96-479f-acdb-3aacd70724bc', '2025-11-25 13:46:36.177671+00', 'robot_system');
INSERT INTO public.movements (id, container_id, from_slot, to_slot, "timestamp", moved_by) VALUES ('58871507-13bb-40c6-83b7-79e95a6b2c97', 'b411fb2a-1f6b-4f8e-a99b-063bff998519', '7df969fb-9f96-479f-acdb-3aacd70724bc', 'd0d65c6f-5855-4082-b168-04711f09ba28', '2025-11-25 13:48:15.881419+00', 'robot_system');
INSERT INTO public.movements (id, container_id, from_slot, to_slot, "timestamp", moved_by) VALUES ('a80ce3f2-af7b-4713-8634-f1d01c958d5a', 'b411fb2a-1f6b-4f8e-a99b-063bff998519', 'd0d65c6f-5855-4082-b168-04711f09ba28', '7df969fb-9f96-479f-acdb-3aacd70724bc', '2025-11-25 13:48:46.043209+00', 'robot_system');
INSERT INTO public.movements (id, container_id, from_slot, to_slot, "timestamp", moved_by) VALUES ('d668d67a-1165-4453-adc7-db3dc7f76792', 'b411fb2a-1f6b-4f8e-a99b-063bff998519', '7df969fb-9f96-479f-acdb-3aacd70724bc', '7df969fb-9f96-479f-acdb-3aacd70724bc', '2025-11-25 13:50:53.915283+00', 'robot_system');
INSERT INTO public.movements (id, container_id, from_slot, to_slot, "timestamp", moved_by) VALUES ('eda231d0-77cd-4fa4-a525-61a04536d34a', 'b411fb2a-1f6b-4f8e-a99b-063bff998519', '7df969fb-9f96-479f-acdb-3aacd70724bc', '7df969fb-9f96-479f-acdb-3aacd70724bc', '2025-11-25 13:52:45.176213+00', 'robot_system');
INSERT INTO public.movements (id, container_id, from_slot, to_slot, "timestamp", moved_by) VALUES ('56cdb4d9-2c92-4e39-97ad-6ceb2b496f1e', 'b411fb2a-1f6b-4f8e-a99b-063bff998519', '7df969fb-9f96-479f-acdb-3aacd70724bc', 'd0d65c6f-5855-4082-b168-04711f09ba28', '2025-11-25 14:30:59.045538+00', 'robot_system');
INSERT INTO public.movements (id, container_id, from_slot, to_slot, "timestamp", moved_by) VALUES ('a4096f36-df7b-47f5-b16e-4bd154356680', 'b411fb2a-1f6b-4f8e-a99b-063bff998519', 'd0d65c6f-5855-4082-b168-04711f09ba28', 'd0d65c6f-5855-4082-b168-04711f09ba28', '2025-11-25 14:41:11.302466+00', 'robot_system');
INSERT INTO public.movements (id, container_id, from_slot, to_slot, "timestamp", moved_by) VALUES ('39ead296-f7b8-480f-b130-72592df0f6ed', 'b411fb2a-1f6b-4f8e-a99b-063bff998519', 'd0d65c6f-5855-4082-b168-04711f09ba28', 'd0d65c6f-5855-4082-b168-04711f09ba28', '2025-11-25 14:49:53.482766+00', 'robot_system');
INSERT INTO public.movements (id, container_id, from_slot, to_slot, "timestamp", moved_by) VALUES ('09a73f26-f45f-48d5-a6fb-b1fb5aa0411f', 'b411fb2a-1f6b-4f8e-a99b-063bff998519', 'd0d65c6f-5855-4082-b168-04711f09ba28', 'd0d65c6f-5855-4082-b168-04711f09ba28', '2025-11-26 07:58:07.422164+00', 'robot_system');
INSERT INTO public.movements (id, container_id, from_slot, to_slot, "timestamp", moved_by) VALUES ('be7bcd8b-56c1-4962-8b29-58fcfb3ce388', 'b411fb2a-1f6b-4f8e-a99b-063bff998519', 'd0d65c6f-5855-4082-b168-04711f09ba28', 'd0d65c6f-5855-4082-b168-04711f09ba28', '2025-11-26 09:27:06.559049+00', 'robot_system');
INSERT INTO public.movements (id, container_id, from_slot, to_slot, "timestamp", moved_by) VALUES ('c444daf7-547a-4842-a7d2-73a20ce7154d', 'b411fb2a-1f6b-4f8e-a99b-063bff998519', 'd0d65c6f-5855-4082-b168-04711f09ba28', 'd0d65c6f-5855-4082-b168-04711f09ba28', '2025-11-26 11:25:08.290974+00', 'robot_system');
INSERT INTO public.movements (id, container_id, from_slot, to_slot, "timestamp", moved_by) VALUES ('23cd03dc-8665-47b4-af97-4f8b6ca44648', 'b411fb2a-1f6b-4f8e-a99b-063bff998519', 'd0d65c6f-5855-4082-b168-04711f09ba28', 'd0d65c6f-5855-4082-b168-04711f09ba28', '2025-11-26 11:31:46.108433+00', 'robot_system');
INSERT INTO public.movements (id, container_id, from_slot, to_slot, "timestamp", moved_by) VALUES ('ded24cfb-24f5-4cfc-9b1c-d14907c2db7f', 'b411fb2a-1f6b-4f8e-a99b-063bff998519', 'd0d65c6f-5855-4082-b168-04711f09ba28', 'd0d65c6f-5855-4082-b168-04711f09ba28', '2025-11-26 11:33:50.127674+00', 'robot_system');
INSERT INTO public.movements (id, container_id, from_slot, to_slot, "timestamp", moved_by) VALUES ('50ab4489-6e7d-46a4-b130-2dd0084550ae', 'b411fb2a-1f6b-4f8e-a99b-063bff998519', 'd0d65c6f-5855-4082-b168-04711f09ba28', 'd0d65c6f-5855-4082-b168-04711f09ba28', '2025-11-26 11:36:06.787919+00', 'robot_system');
INSERT INTO public.movements (id, container_id, from_slot, to_slot, "timestamp", moved_by) VALUES ('d99750e5-3745-48a8-96d1-94e8d0192335', 'b411fb2a-1f6b-4f8e-a99b-063bff998519', 'd0d65c6f-5855-4082-b168-04711f09ba28', 'd0d65c6f-5855-4082-b168-04711f09ba28', '2025-11-26 11:45:54.856388+00', 'robot_system');
INSERT INTO public.movements (id, container_id, from_slot, to_slot, "timestamp", moved_by) VALUES ('88f29bf7-9fcf-48f8-a1a5-a5e9edce9a60', 'b411fb2a-1f6b-4f8e-a99b-063bff998519', 'd0d65c6f-5855-4082-b168-04711f09ba28', '9264b323-a5c6-40e4-828e-4db2dece9146', '2025-11-26 11:48:05.694818+00', 'robot_system');
INSERT INTO public.movements (id, container_id, from_slot, to_slot, "timestamp", moved_by) VALUES ('0dc0dc53-0689-49ef-a65f-c3c19377db46', 'b411fb2a-1f6b-4f8e-a99b-063bff998519', '9264b323-a5c6-40e4-828e-4db2dece9146', '9264b323-a5c6-40e4-828e-4db2dece9146', '2025-11-26 11:49:39.396+00', 'robot_system');
INSERT INTO public.movements (id, container_id, from_slot, to_slot, "timestamp", moved_by) VALUES ('2c4f9a98-1ed5-44e0-9f46-efa51ab959da', 'b411fb2a-1f6b-4f8e-a99b-063bff998519', '9264b323-a5c6-40e4-828e-4db2dece9146', '9264b323-a5c6-40e4-828e-4db2dece9146', '2025-11-26 11:52:20.386813+00', 'robot_system');
INSERT INTO public.movements (id, container_id, from_slot, to_slot, "timestamp", moved_by) VALUES ('5efa259e-c84d-417e-a2d8-7294bd9043d8', 'b411fb2a-1f6b-4f8e-a99b-063bff998519', '9264b323-a5c6-40e4-828e-4db2dece9146', 'd0d65c6f-5855-4082-b168-04711f09ba28', '2025-11-26 11:56:14.603951+00', 'robot_system');
INSERT INTO public.movements (id, container_id, from_slot, to_slot, "timestamp", moved_by) VALUES ('ac55dfd9-99c5-4b16-b2dc-1c024977eae2', 'b411fb2a-1f6b-4f8e-a99b-063bff998519', 'd0d65c6f-5855-4082-b168-04711f09ba28', '89552f9a-3682-4a12-ba60-90d6b46a0238', '2025-11-26 11:57:30.813399+00', 'robot_system');
INSERT INTO public.movements (id, container_id, from_slot, to_slot, "timestamp", moved_by) VALUES ('4a9b7c5a-66a7-4f15-a1bf-d9519c33cfc7', 'b411fb2a-1f6b-4f8e-a99b-063bff998519', '89552f9a-3682-4a12-ba60-90d6b46a0238', 'd0d65c6f-5855-4082-b168-04711f09ba28', '2025-11-26 11:58:25.526813+00', 'robot_system');
INSERT INTO public.movements (id, container_id, from_slot, to_slot, "timestamp", moved_by) VALUES ('78c6e51a-dc58-4103-8314-39e311d5212d', 'b411fb2a-1f6b-4f8e-a99b-063bff998519', 'd0d65c6f-5855-4082-b168-04711f09ba28', 'd0d65c6f-5855-4082-b168-04711f09ba28', '2025-11-26 13:14:47.707922+00', 'robot_system');
INSERT INTO public.movements (id, container_id, from_slot, to_slot, "timestamp", moved_by) VALUES ('8e98bbba-0bc0-4a1f-bb7c-16d196d26698', 'b411fb2a-1f6b-4f8e-a99b-063bff998519', 'd0d65c6f-5855-4082-b168-04711f09ba28', 'd0d65c6f-5855-4082-b168-04711f09ba28', '2025-11-26 13:16:45.169923+00', 'robot_system');
INSERT INTO public.movements (id, container_id, from_slot, to_slot, "timestamp", moved_by) VALUES ('64b24744-0bc8-4d9d-a586-4564dce25253', 'b411fb2a-1f6b-4f8e-a99b-063bff998519', 'd0d65c6f-5855-4082-b168-04711f09ba28', '89552f9a-3682-4a12-ba60-90d6b46a0238', '2025-11-26 13:18:17.424328+00', 'robot_system');
INSERT INTO public.movements (id, container_id, from_slot, to_slot, "timestamp", moved_by) VALUES ('7c27bd54-27f5-46fd-a22a-ff18adcfe978', 'b411fb2a-1f6b-4f8e-a99b-063bff998519', '89552f9a-3682-4a12-ba60-90d6b46a0238', 'd0d65c6f-5855-4082-b168-04711f09ba28', '2025-11-26 13:19:09.606587+00', 'robot_system');
INSERT INTO public.movements (id, container_id, from_slot, to_slot, "timestamp", moved_by) VALUES ('d7c330f2-40f9-4b4f-90f3-152e95cf8f8e', 'b411fb2a-1f6b-4f8e-a99b-063bff998519', 'd0d65c6f-5855-4082-b168-04711f09ba28', '5d8d460f-02f2-4504-9f80-9b74d64f30fc', '2025-11-26 13:19:57.936087+00', 'robot_system');
INSERT INTO public.movements (id, container_id, from_slot, to_slot, "timestamp", moved_by) VALUES ('274aff35-66d7-46cd-acf9-a6ede64ad7a0', 'b411fb2a-1f6b-4f8e-a99b-063bff998519', '5d8d460f-02f2-4504-9f80-9b74d64f30fc', 'd0d65c6f-5855-4082-b168-04711f09ba28', '2025-11-26 13:21:13.135177+00', 'robot_system');
INSERT INTO public.movements (id, container_id, from_slot, to_slot, "timestamp", moved_by) VALUES ('11e949d2-8f83-4271-8747-a16be1c87700', 'b411fb2a-1f6b-4f8e-a99b-063bff998519', 'd0d65c6f-5855-4082-b168-04711f09ba28', '7df969fb-9f96-479f-acdb-3aacd70724bc', '2025-11-26 13:21:58.363402+00', 'robot_system');
INSERT INTO public.movements (id, container_id, from_slot, to_slot, "timestamp", moved_by) VALUES ('0ac58554-57b1-498b-9326-916eca6e2099', 'b411fb2a-1f6b-4f8e-a99b-063bff998519', '7df969fb-9f96-479f-acdb-3aacd70724bc', 'd0d65c6f-5855-4082-b168-04711f09ba28', '2025-11-26 13:29:19.001595+00', 'robot_system');
INSERT INTO public.movements (id, container_id, from_slot, to_slot, "timestamp", moved_by) VALUES ('ca95c40a-b7cf-485d-8b35-d5d9d288f4b3', 'b411fb2a-1f6b-4f8e-a99b-063bff998519', 'd0d65c6f-5855-4082-b168-04711f09ba28', '7df969fb-9f96-479f-acdb-3aacd70724bc', '2025-11-26 13:32:54.818022+00', 'robot_system');
INSERT INTO public.movements (id, container_id, from_slot, to_slot, "timestamp", moved_by) VALUES ('7ac4a552-bd4d-4680-a501-0f390fb66451', 'b411fb2a-1f6b-4f8e-a99b-063bff998519', '7df969fb-9f96-479f-acdb-3aacd70724bc', 'd0d65c6f-5855-4082-b168-04711f09ba28', '2025-11-26 13:44:00.173946+00', 'robot_system');
INSERT INTO public.movements (id, container_id, from_slot, to_slot, "timestamp", moved_by) VALUES ('287f1ef1-4c3c-4ecf-a475-901fd1641ad6', 'b411fb2a-1f6b-4f8e-a99b-063bff998519', 'd0d65c6f-5855-4082-b168-04711f09ba28', '7df969fb-9f96-479f-acdb-3aacd70724bc', '2025-11-26 13:47:45.44362+00', 'robot_system');
INSERT INTO public.movements (id, container_id, from_slot, to_slot, "timestamp", moved_by) VALUES ('5ef15456-7912-417e-a6f3-bec7e2e617ee', 'b411fb2a-1f6b-4f8e-a99b-063bff998519', '7df969fb-9f96-479f-acdb-3aacd70724bc', 'd0d65c6f-5855-4082-b168-04711f09ba28', '2025-11-26 13:49:22.113596+00', 'robot_system');
INSERT INTO public.movements (id, container_id, from_slot, to_slot, "timestamp", moved_by) VALUES ('2891bf29-0323-40ba-be96-04d9abf71f6d', 'b411fb2a-1f6b-4f8e-a99b-063bff998519', 'd0d65c6f-5855-4082-b168-04711f09ba28', '7df969fb-9f96-479f-acdb-3aacd70724bc', '2025-11-26 13:50:48.642265+00', 'robot_system');
INSERT INTO public.movements (id, container_id, from_slot, to_slot, "timestamp", moved_by) VALUES ('c47b0f93-b2b6-4bd4-8392-b1f95b0cb950', 'b411fb2a-1f6b-4f8e-a99b-063bff998519', '7df969fb-9f96-479f-acdb-3aacd70724bc', 'd0d65c6f-5855-4082-b168-04711f09ba28', '2025-11-26 13:53:31.783513+00', 'robot_system');
INSERT INTO public.movements (id, container_id, from_slot, to_slot, "timestamp", moved_by) VALUES ('20d7ba85-9930-4877-b41f-03721fd56b45', 'b411fb2a-1f6b-4f8e-a99b-063bff998519', 'd0d65c6f-5855-4082-b168-04711f09ba28', '7df969fb-9f96-479f-acdb-3aacd70724bc', '2025-11-26 13:54:36.679411+00', 'robot_system');
INSERT INTO public.movements (id, container_id, from_slot, to_slot, "timestamp", moved_by) VALUES ('bf6f5068-ba87-4c90-aece-d9aef93099fe', 'b411fb2a-1f6b-4f8e-a99b-063bff998519', '7df969fb-9f96-479f-acdb-3aacd70724bc', 'd0d65c6f-5855-4082-b168-04711f09ba28', '2025-11-26 13:56:30.007692+00', 'robot_system');
INSERT INTO public.movements (id, container_id, from_slot, to_slot, "timestamp", moved_by) VALUES ('6e6288eb-48b5-4f88-99a7-da7d05c1ce29', 'b411fb2a-1f6b-4f8e-a99b-063bff998519', 'd0d65c6f-5855-4082-b168-04711f09ba28', '7df969fb-9f96-479f-acdb-3aacd70724bc', '2025-11-26 13:57:29.616016+00', 'robot_system');
INSERT INTO public.movements (id, container_id, from_slot, to_slot, "timestamp", moved_by) VALUES ('223d3550-e9c1-4844-a0dd-ec0367d2add7', 'b411fb2a-1f6b-4f8e-a99b-063bff998519', '7df969fb-9f96-479f-acdb-3aacd70724bc', 'd0d65c6f-5855-4082-b168-04711f09ba28', '2025-11-26 13:57:52.960285+00', 'robot_system');
INSERT INTO public.movements (id, container_id, from_slot, to_slot, "timestamp", moved_by) VALUES ('a8bb13aa-3f7d-4d57-b543-93650f439f38', 'b411fb2a-1f6b-4f8e-a99b-063bff998519', 'd0d65c6f-5855-4082-b168-04711f09ba28', '89552f9a-3682-4a12-ba60-90d6b46a0238', '2025-11-26 13:59:02.417488+00', 'robot_system');
INSERT INTO public.movements (id, container_id, from_slot, to_slot, "timestamp", moved_by) VALUES ('6f8bbc9e-36f7-44f9-9559-4267ea19bfa8', 'b411fb2a-1f6b-4f8e-a99b-063bff998519', '89552f9a-3682-4a12-ba60-90d6b46a0238', 'd0d65c6f-5855-4082-b168-04711f09ba28', '2025-11-26 14:01:05.225381+00', 'robot_system');
INSERT INTO public.movements (id, container_id, from_slot, to_slot, "timestamp", moved_by) VALUES ('967d4dc2-4ef8-4341-96d3-f25bb9335632', 'b411fb2a-1f6b-4f8e-a99b-063bff998519', 'd0d65c6f-5855-4082-b168-04711f09ba28', '89552f9a-3682-4a12-ba60-90d6b46a0238', '2025-11-26 14:02:01.832256+00', 'robot_system');
INSERT INTO public.movements (id, container_id, from_slot, to_slot, "timestamp", moved_by) VALUES ('20a15316-790c-426a-bcf5-b84ff5204716', 'b411fb2a-1f6b-4f8e-a99b-063bff998519', '89552f9a-3682-4a12-ba60-90d6b46a0238', 'd0d65c6f-5855-4082-b168-04711f09ba28', '2025-11-26 14:06:18.859894+00', 'robot_system');
INSERT INTO public.movements (id, container_id, from_slot, to_slot, "timestamp", moved_by) VALUES ('43f2e1b8-4441-4a06-a97b-314dd712ea82', 'b411fb2a-1f6b-4f8e-a99b-063bff998519', 'd0d65c6f-5855-4082-b168-04711f09ba28', '7df969fb-9f96-479f-acdb-3aacd70724bc', '2025-11-26 14:10:15.223809+00', 'robot_system');
INSERT INTO public.movements (id, container_id, from_slot, to_slot, "timestamp", moved_by) VALUES ('870b416d-809d-4d8a-9e93-882f5c3f87a0', 'b411fb2a-1f6b-4f8e-a99b-063bff998519', '7df969fb-9f96-479f-acdb-3aacd70724bc', 'd0d65c6f-5855-4082-b168-04711f09ba28', '2025-11-27 09:32:17.40566+00', 'robot_system');
INSERT INTO public.movements (id, container_id, from_slot, to_slot, "timestamp", moved_by) VALUES ('054bae83-0713-4fb9-90a1-bb9f32fb585c', 'b411fb2a-1f6b-4f8e-a99b-063bff998519', 'd0d65c6f-5855-4082-b168-04711f09ba28', '7df969fb-9f96-479f-acdb-3aacd70724bc', '2025-11-27 09:36:34.012043+00', 'robot_system');
INSERT INTO public.movements (id, container_id, from_slot, to_slot, "timestamp", moved_by) VALUES ('17ef40f1-a963-408c-95b8-97befcda7b8a', 'b411fb2a-1f6b-4f8e-a99b-063bff998519', '7df969fb-9f96-479f-acdb-3aacd70724bc', 'd0d65c6f-5855-4082-b168-04711f09ba28', '2025-11-27 09:40:24.81387+00', 'robot_system');
INSERT INTO public.movements (id, container_id, from_slot, to_slot, "timestamp", moved_by) VALUES ('3da2904e-18f4-406e-9c07-1b3191b46b69', 'b411fb2a-1f6b-4f8e-a99b-063bff998519', 'd0d65c6f-5855-4082-b168-04711f09ba28', '7df969fb-9f96-479f-acdb-3aacd70724bc', '2025-11-27 09:41:42.864268+00', 'robot_system');
INSERT INTO public.movements (id, container_id, from_slot, to_slot, "timestamp", moved_by) VALUES ('71d76765-5021-43d9-be27-b17d695940b1', 'b411fb2a-1f6b-4f8e-a99b-063bff998519', '7df969fb-9f96-479f-acdb-3aacd70724bc', 'd0d65c6f-5855-4082-b168-04711f09ba28', '2025-11-27 09:47:30.168535+00', 'robot_system');
INSERT INTO public.movements (id, container_id, from_slot, to_slot, "timestamp", moved_by) VALUES ('4c6562b5-ec5b-49fe-88c0-b3fbb055c133', 'b411fb2a-1f6b-4f8e-a99b-063bff998519', 'd0d65c6f-5855-4082-b168-04711f09ba28', '7df969fb-9f96-479f-acdb-3aacd70724bc', '2025-11-27 09:47:59.354448+00', 'robot_system');
INSERT INTO public.movements (id, container_id, from_slot, to_slot, "timestamp", moved_by) VALUES ('b3edbb85-ea39-443e-b1f1-0890f9c3709f', 'b411fb2a-1f6b-4f8e-a99b-063bff998519', '7df969fb-9f96-479f-acdb-3aacd70724bc', '9264b323-a5c6-40e4-828e-4db2dece9146', '2025-11-27 09:53:53.979718+00', 'robot_system');
INSERT INTO public.movements (id, container_id, from_slot, to_slot, "timestamp", moved_by) VALUES ('6f716474-7ec4-4213-a74c-6d3f20612db9', 'b411fb2a-1f6b-4f8e-a99b-063bff998519', '9264b323-a5c6-40e4-828e-4db2dece9146', '89552f9a-3682-4a12-ba60-90d6b46a0238', '2025-11-27 09:55:13.022045+00', 'robot_system');
INSERT INTO public.movements (id, container_id, from_slot, to_slot, "timestamp", moved_by) VALUES ('1885d0cd-3265-4522-a27d-8126f4e72465', 'b411fb2a-1f6b-4f8e-a99b-063bff998519', '89552f9a-3682-4a12-ba60-90d6b46a0238', '9264b323-a5c6-40e4-828e-4db2dece9146', '2025-11-27 09:57:39.616454+00', 'robot_system');
INSERT INTO public.movements (id, container_id, from_slot, to_slot, "timestamp", moved_by) VALUES ('b60299d7-6b18-40d5-b818-128ee01cdecd', 'b411fb2a-1f6b-4f8e-a99b-063bff998519', '9264b323-a5c6-40e4-828e-4db2dece9146', '89552f9a-3682-4a12-ba60-90d6b46a0238', '2025-11-27 09:58:42.727619+00', 'robot_system');
INSERT INTO public.movements (id, container_id, from_slot, to_slot, "timestamp", moved_by) VALUES ('333b06c8-d53a-472f-a00b-0be6793cc630', 'b411fb2a-1f6b-4f8e-a99b-063bff998519', '89552f9a-3682-4a12-ba60-90d6b46a0238', '9264b323-a5c6-40e4-828e-4db2dece9146', '2025-11-27 09:59:19.054252+00', 'robot_system');
INSERT INTO public.movements (id, container_id, from_slot, to_slot, "timestamp", moved_by) VALUES ('49b3392d-a916-4244-9603-678690a7408b', 'b411fb2a-1f6b-4f8e-a99b-063bff998519', '9264b323-a5c6-40e4-828e-4db2dece9146', '89552f9a-3682-4a12-ba60-90d6b46a0238', '2025-11-27 10:00:11.999381+00', 'robot_system');
INSERT INTO public.movements (id, container_id, from_slot, to_slot, "timestamp", moved_by) VALUES ('18f8eb27-e27f-447d-94cb-90e3f33c4402', 'b411fb2a-1f6b-4f8e-a99b-063bff998519', '89552f9a-3682-4a12-ba60-90d6b46a0238', 'd0d65c6f-5855-4082-b168-04711f09ba28', '2025-11-27 10:04:52.438389+00', 'robot_system');
INSERT INTO public.movements (id, container_id, from_slot, to_slot, "timestamp", moved_by) VALUES ('9bfffb65-3140-4148-9a89-f385520ba256', 'b411fb2a-1f6b-4f8e-a99b-063bff998519', 'd0d65c6f-5855-4082-b168-04711f09ba28', '89552f9a-3682-4a12-ba60-90d6b46a0238', '2025-11-27 10:08:10.709975+00', 'robot_system');
INSERT INTO public.movements (id, container_id, from_slot, to_slot, "timestamp", moved_by) VALUES ('97565c03-e8d9-47a4-a2d5-257553e80f0f', 'b411fb2a-1f6b-4f8e-a99b-063bff998519', '89552f9a-3682-4a12-ba60-90d6b46a0238', 'd0d65c6f-5855-4082-b168-04711f09ba28', '2025-11-27 10:08:57.01427+00', 'robot_system');
INSERT INTO public.movements (id, container_id, from_slot, to_slot, "timestamp", moved_by) VALUES ('9bdd7224-6ef9-4ed8-b010-f74da11a24a7', 'b411fb2a-1f6b-4f8e-a99b-063bff998519', 'd0d65c6f-5855-4082-b168-04711f09ba28', '7df969fb-9f96-479f-acdb-3aacd70724bc', '2025-11-27 10:09:45.465823+00', 'robot_system');
INSERT INTO public.movements (id, container_id, from_slot, to_slot, "timestamp", moved_by) VALUES ('dba9ebe1-7da7-41e2-9775-ab4d28881352', 'b411fb2a-1f6b-4f8e-a99b-063bff998519', '7df969fb-9f96-479f-acdb-3aacd70724bc', 'd0d65c6f-5855-4082-b168-04711f09ba28', '2025-11-27 10:10:50.299692+00', 'robot_system');
INSERT INTO public.movements (id, container_id, from_slot, to_slot, "timestamp", moved_by) VALUES ('5ca9abe1-49c9-4385-81a2-bc67c0543f35', 'b411fb2a-1f6b-4f8e-a99b-063bff998519', 'd0d65c6f-5855-4082-b168-04711f09ba28', '7df969fb-9f96-479f-acdb-3aacd70724bc', '2025-11-27 10:11:32.791922+00', 'robot_system');
INSERT INTO public.movements (id, container_id, from_slot, to_slot, "timestamp", moved_by) VALUES ('7761b3d3-1706-4bdf-b334-8c9abe8ade68', 'b411fb2a-1f6b-4f8e-a99b-063bff998519', '7df969fb-9f96-479f-acdb-3aacd70724bc', 'd0d65c6f-5855-4082-b168-04711f09ba28', '2025-11-27 10:12:26.083323+00', 'robot_system');
INSERT INTO public.movements (id, container_id, from_slot, to_slot, "timestamp", moved_by) VALUES ('840897e2-4064-4e48-b47a-c3a1fc352218', 'b411fb2a-1f6b-4f8e-a99b-063bff998519', 'd0d65c6f-5855-4082-b168-04711f09ba28', '89552f9a-3682-4a12-ba60-90d6b46a0238', '2025-11-27 10:13:22.161148+00', 'robot_system');
INSERT INTO public.movements (id, container_id, from_slot, to_slot, "timestamp", moved_by) VALUES ('fd904e14-3bfe-47b4-95d9-6bbe10dfb611', 'b411fb2a-1f6b-4f8e-a99b-063bff998519', '89552f9a-3682-4a12-ba60-90d6b46a0238', 'd0d65c6f-5855-4082-b168-04711f09ba28', '2025-11-27 10:16:51.774743+00', 'robot_system');
INSERT INTO public.movements (id, container_id, from_slot, to_slot, "timestamp", moved_by) VALUES ('8964a990-9b19-497c-91b2-119cf5b70fa4', 'b411fb2a-1f6b-4f8e-a99b-063bff998519', 'd0d65c6f-5855-4082-b168-04711f09ba28', '89552f9a-3682-4a12-ba60-90d6b46a0238', '2025-11-27 10:17:52.679481+00', 'robot_system');
INSERT INTO public.movements (id, container_id, from_slot, to_slot, "timestamp", moved_by) VALUES ('2706c252-3515-4d41-8b5e-fec0d8163972', 'b411fb2a-1f6b-4f8e-a99b-063bff998519', '89552f9a-3682-4a12-ba60-90d6b46a0238', 'd0d65c6f-5855-4082-b168-04711f09ba28', '2025-11-27 10:22:15.202737+00', 'robot_system');
INSERT INTO public.movements (id, container_id, from_slot, to_slot, "timestamp", moved_by) VALUES ('20f4264d-2883-44fa-91a6-8dbcead89f81', 'b411fb2a-1f6b-4f8e-a99b-063bff998519', 'd0d65c6f-5855-4082-b168-04711f09ba28', '7df969fb-9f96-479f-acdb-3aacd70724bc', '2025-11-27 10:23:28.250901+00', 'robot_system');
INSERT INTO public.movements (id, container_id, from_slot, to_slot, "timestamp", moved_by) VALUES ('b1bbefe7-5bc9-48cf-9338-84db5a5f75dd', 'b411fb2a-1f6b-4f8e-a99b-063bff998519', '7df969fb-9f96-479f-acdb-3aacd70724bc', 'd0d65c6f-5855-4082-b168-04711f09ba28', '2025-11-27 10:45:27.762757+00', 'robot_system');
INSERT INTO public.movements (id, container_id, from_slot, to_slot, "timestamp", moved_by) VALUES ('ff7f49ec-02ea-4cbd-a085-18a322cae44e', 'b411fb2a-1f6b-4f8e-a99b-063bff998519', 'd0d65c6f-5855-4082-b168-04711f09ba28', '7df969fb-9f96-479f-acdb-3aacd70724bc', '2025-11-27 10:46:08.199947+00', 'robot_system');
INSERT INTO public.movements (id, container_id, from_slot, to_slot, "timestamp", moved_by) VALUES ('ad4fd430-5b24-4fd4-8e63-e5c225546dd7', '88fb1acf-61b6-4b77-acb8-758692dc19e5', '9264b323-a5c6-40e4-828e-4db2dece9146', '9264b323-a5c6-40e4-828e-4db2dece9146', '2025-11-27 11:02:50.001273+00', 'robot_system');
INSERT INTO public.movements (id, container_id, from_slot, to_slot, "timestamp", moved_by) VALUES ('91c5ffa1-e823-44e5-bbb5-8e65258e31c3', '88fb1acf-61b6-4b77-acb8-758692dc19e5', '9264b323-a5c6-40e4-828e-4db2dece9146', '7df969fb-9f96-479f-acdb-3aacd70724bc', '2025-11-27 11:04:46.19388+00', 'robot_system');
INSERT INTO public.movements (id, container_id, from_slot, to_slot, "timestamp", moved_by) VALUES ('8824a51e-1dc2-4ffe-bbc3-d0a7d54958af', '88fb1acf-61b6-4b77-acb8-758692dc19e5', '7df969fb-9f96-479f-acdb-3aacd70724bc', '9264b323-a5c6-40e4-828e-4db2dece9146', '2025-11-27 11:09:10.52765+00', 'robot_system');
INSERT INTO public.movements (id, container_id, from_slot, to_slot, "timestamp", moved_by) VALUES ('461d6063-0950-4530-a488-b085f3b4ced2', '88fb1acf-61b6-4b77-acb8-758692dc19e5', '9264b323-a5c6-40e4-828e-4db2dece9146', '7df969fb-9f96-479f-acdb-3aacd70724bc', '2025-11-27 11:10:49.498369+00', 'robot_system');
INSERT INTO public.movements (id, container_id, from_slot, to_slot, "timestamp", moved_by) VALUES ('40e62a8d-453d-4d1d-aec0-ae23595d0575', 'b411fb2a-1f6b-4f8e-a99b-063bff998519', '7df969fb-9f96-479f-acdb-3aacd70724bc', '89552f9a-3682-4a12-ba60-90d6b46a0238', '2025-11-27 11:13:41.307854+00', 'robot_system');
INSERT INTO public.movements (id, container_id, from_slot, to_slot, "timestamp", moved_by) VALUES ('33a6aa73-ff24-45a8-ac73-8c5022e0eac9', '88fb1acf-61b6-4b77-acb8-758692dc19e5', '7df969fb-9f96-479f-acdb-3aacd70724bc', 'd0d65c6f-5855-4082-b168-04711f09ba28', '2025-11-27 11:17:12.797541+00', 'robot_system');
INSERT INTO public.movements (id, container_id, from_slot, to_slot, "timestamp", moved_by) VALUES ('70f2a4b6-af59-426b-b901-e1541b111817', 'b411fb2a-1f6b-4f8e-a99b-063bff998519', '89552f9a-3682-4a12-ba60-90d6b46a0238', 'd0d65c6f-5855-4082-b168-04711f09ba28', '2025-11-27 11:17:41.516277+00', 'robot_system');
INSERT INTO public.movements (id, container_id, from_slot, to_slot, "timestamp", moved_by) VALUES ('da269f13-3f0b-44de-9eee-6f2b5bf882e2', '88fb1acf-61b6-4b77-acb8-758692dc19e5', 'd0d65c6f-5855-4082-b168-04711f09ba28', '9264b323-a5c6-40e4-828e-4db2dece9146', '2025-11-27 11:17:46.809613+00', 'robot_system');
INSERT INTO public.movements (id, container_id, from_slot, to_slot, "timestamp", moved_by) VALUES ('9228c6b0-f404-4bfa-bd65-db111fda9731', 'b411fb2a-1f6b-4f8e-a99b-063bff998519', 'd0d65c6f-5855-4082-b168-04711f09ba28', '7df969fb-9f96-479f-acdb-3aacd70724bc', '2025-11-27 11:20:11.962857+00', 'robot_system');
INSERT INTO public.movements (id, container_id, from_slot, to_slot, "timestamp", moved_by) VALUES ('794e4c07-2f27-41b8-a47e-bc70e59088bb', '88fb1acf-61b6-4b77-acb8-758692dc19e5', '9264b323-a5c6-40e4-828e-4db2dece9146', '89552f9a-3682-4a12-ba60-90d6b46a0238', '2025-11-27 11:21:04.678538+00', 'robot_system');
INSERT INTO public.movements (id, container_id, from_slot, to_slot, "timestamp", moved_by) VALUES ('43fc4673-54f2-4d26-8aa2-8f98bf9b50ca', 'b411fb2a-1f6b-4f8e-a99b-063bff998519', '7df969fb-9f96-479f-acdb-3aacd70724bc', 'd0d65c6f-5855-4082-b168-04711f09ba28', '2025-11-27 11:22:17.686525+00', 'robot_system');
INSERT INTO public.movements (id, container_id, from_slot, to_slot, "timestamp", moved_by) VALUES ('6a94c957-6323-4a71-b1d4-997500151d28', '88fb1acf-61b6-4b77-acb8-758692dc19e5', '89552f9a-3682-4a12-ba60-90d6b46a0238', '9264b323-a5c6-40e4-828e-4db2dece9146', '2025-11-27 11:24:57.789433+00', 'robot_system');
INSERT INTO public.movements (id, container_id, from_slot, to_slot, "timestamp", moved_by) VALUES ('adcdbce9-11af-4e7c-a041-761907be6b52', 'b411fb2a-1f6b-4f8e-a99b-063bff998519', 'd0d65c6f-5855-4082-b168-04711f09ba28', '7df969fb-9f96-479f-acdb-3aacd70724bc', '2025-11-27 11:28:17.638971+00', 'robot_system');
INSERT INTO public.movements (id, container_id, from_slot, to_slot, "timestamp", moved_by) VALUES ('4e20e3b2-8c30-4981-9459-81145961cfbf', 'b411fb2a-1f6b-4f8e-a99b-063bff998519', '7df969fb-9f96-479f-acdb-3aacd70724bc', 'd0d65c6f-5855-4082-b168-04711f09ba28', '2025-11-27 11:30:28.274668+00', 'robot_system');
INSERT INTO public.movements (id, container_id, from_slot, to_slot, "timestamp", moved_by) VALUES ('e2b71498-3a1a-43e0-90b5-dbec6ba5ad42', 'b411fb2a-1f6b-4f8e-a99b-063bff998519', 'd0d65c6f-5855-4082-b168-04711f09ba28', '7df969fb-9f96-479f-acdb-3aacd70724bc', '2025-11-28 08:56:17.109916+00', 'robot_system');
INSERT INTO public.movements (id, container_id, from_slot, to_slot, "timestamp", moved_by) VALUES ('079a8638-b395-47be-923b-f6cbe23d4139', 'b411fb2a-1f6b-4f8e-a99b-063bff998519', '7df969fb-9f96-479f-acdb-3aacd70724bc', '81212c3f-74a0-4885-a5f6-47ad34ecb809', '2025-11-28 15:35:52.383048+00', 'robot_system');
INSERT INTO public.movements (id, container_id, from_slot, to_slot, "timestamp", moved_by) VALUES ('a7c143a9-f5f2-4791-a808-e45d385f9c54', '88fb1acf-61b6-4b77-acb8-758692dc19e5', '9264b323-a5c6-40e4-828e-4db2dece9146', 'd0d65c6f-5855-4082-b168-04711f09ba28', '2025-11-28 15:36:04.689369+00', 'robot_system');
INSERT INTO public.movements (id, container_id, from_slot, to_slot, "timestamp", moved_by) VALUES ('d6acc9bd-13d2-40c2-ad59-afde45827616', 'b411fb2a-1f6b-4f8e-a99b-063bff998519', '81212c3f-74a0-4885-a5f6-47ad34ecb809', '7df969fb-9f96-479f-acdb-3aacd70724bc', '2025-11-28 15:42:40.395621+00', 'robot_system');
INSERT INTO public.movements (id, container_id, from_slot, to_slot, "timestamp", moved_by) VALUES ('7e65a172-25c4-40ab-8d79-0f12f047c8ee', 'b411fb2a-1f6b-4f8e-a99b-063bff998519', '7df969fb-9f96-479f-acdb-3aacd70724bc', '9264b323-a5c6-40e4-828e-4db2dece9146', '2025-11-28 16:19:28.028972+00', 'robot_system');
INSERT INTO public.movements (id, container_id, from_slot, to_slot, "timestamp", moved_by) VALUES ('d44a75de-359f-410c-bf96-72dba19b7a04', 'b411fb2a-1f6b-4f8e-a99b-063bff998519', '9264b323-a5c6-40e4-828e-4db2dece9146', '7df969fb-9f96-479f-acdb-3aacd70724bc', '2025-11-28 16:20:15.100512+00', 'robot_system');
INSERT INTO public.movements (id, container_id, from_slot, to_slot, "timestamp", moved_by) VALUES ('b4820065-41a2-4b02-9f28-cc56af5e88dc', 'b411fb2a-1f6b-4f8e-a99b-063bff998519', '7df969fb-9f96-479f-acdb-3aacd70724bc', 'd0d65c6f-5855-4082-b168-04711f09ba28', '2025-11-28 16:21:53.619361+00', 'robot_system');
INSERT INTO public.movements (id, container_id, from_slot, to_slot, "timestamp", moved_by) VALUES ('bf8afc90-3c93-4366-8992-bd2460cef732', '88fb1acf-61b6-4b77-acb8-758692dc19e5', 'd0d65c6f-5855-4082-b168-04711f09ba28', '89552f9a-3682-4a12-ba60-90d6b46a0238', '2025-11-28 16:22:05.623608+00', 'robot_system');
INSERT INTO public.movements (id, container_id, from_slot, to_slot, "timestamp", moved_by) VALUES ('34c34c70-8d99-4616-8811-72bc1d607898', 'b411fb2a-1f6b-4f8e-a99b-063bff998519', 'd0d65c6f-5855-4082-b168-04711f09ba28', '7df969fb-9f96-479f-acdb-3aacd70724bc', '2025-11-28 16:24:16.902522+00', 'robot_system');
INSERT INTO public.movements (id, container_id, from_slot, to_slot, "timestamp", moved_by) VALUES ('3c56d643-1ff0-46d3-9960-e7f2cdf752f0', '88fb1acf-61b6-4b77-acb8-758692dc19e5', '89552f9a-3682-4a12-ba60-90d6b46a0238', 'd0d65c6f-5855-4082-b168-04711f09ba28', '2025-11-28 16:24:47.95055+00', 'robot_system');
INSERT INTO public.movements (id, container_id, from_slot, to_slot, "timestamp", moved_by) VALUES ('57b82cc3-dc80-4948-9e30-54d35629bf99', 'b411fb2a-1f6b-4f8e-a99b-063bff998519', '7df969fb-9f96-479f-acdb-3aacd70724bc', 'd0d65c6f-5855-4082-b168-04711f09ba28', '2025-11-28 16:28:48.578907+00', 'robot_system');
INSERT INTO public.movements (id, container_id, from_slot, to_slot, "timestamp", moved_by) VALUES ('48fe874f-0f37-4d64-b7c7-c347f728b18b', '88fb1acf-61b6-4b77-acb8-758692dc19e5', 'd0d65c6f-5855-4082-b168-04711f09ba28', '81212c3f-74a0-4885-a5f6-47ad34ecb809', '2025-11-28 16:28:54.028254+00', 'robot_system');
INSERT INTO public.movements (id, container_id, from_slot, to_slot, "timestamp", moved_by) VALUES ('0c3125d9-1cc0-4c20-8536-d6a337708254', 'b411fb2a-1f6b-4f8e-a99b-063bff998519', 'd0d65c6f-5855-4082-b168-04711f09ba28', '7df969fb-9f96-479f-acdb-3aacd70724bc', '2025-11-28 16:31:03.485482+00', 'robot_system');
INSERT INTO public.movements (id, container_id, from_slot, to_slot, "timestamp", moved_by) VALUES ('4fdfbbc5-21e2-4760-a150-fdc765edd0e7', 'b411fb2a-1f6b-4f8e-a99b-063bff998519', '7df969fb-9f96-479f-acdb-3aacd70724bc', '89552f9a-3682-4a12-ba60-90d6b46a0238', '2025-11-28 16:31:20.24191+00', 'robot_system');
INSERT INTO public.movements (id, container_id, from_slot, to_slot, "timestamp", moved_by) VALUES ('336bfe68-c886-4b0e-ac42-91048002797d', 'b411fb2a-1f6b-4f8e-a99b-063bff998519', '89552f9a-3682-4a12-ba60-90d6b46a0238', 'd0d65c6f-5855-4082-b168-04711f09ba28', '2025-11-28 16:31:48.39165+00', 'robot_system');
INSERT INTO public.movements (id, container_id, from_slot, to_slot, "timestamp", moved_by) VALUES ('a04f25aa-3500-496b-bbed-6d23b1e69b0b', 'b411fb2a-1f6b-4f8e-a99b-063bff998519', 'd0d65c6f-5855-4082-b168-04711f09ba28', 'd0d65c6f-5855-4082-b168-04711f09ba28', '2025-11-28 16:36:57.470969+00', 'robot_system');
INSERT INTO public.movements (id, container_id, from_slot, to_slot, "timestamp", moved_by) VALUES ('b227160e-ab50-408c-9ad9-804ce28fdc7b', '88fb1acf-61b6-4b77-acb8-758692dc19e5', '81212c3f-74a0-4885-a5f6-47ad34ecb809', '81212c3f-74a0-4885-a5f6-47ad34ecb809', '2025-11-28 16:37:05.242943+00', 'robot_system');
INSERT INTO public.movements (id, container_id, from_slot, to_slot, "timestamp", moved_by) VALUES ('38f8de02-2735-4ad9-922f-26b3369b5a58', 'b411fb2a-1f6b-4f8e-a99b-063bff998519', 'd0d65c6f-5855-4082-b168-04711f09ba28', '7df969fb-9f96-479f-acdb-3aacd70724bc', '2025-11-28 16:39:36.780997+00', 'robot_system');
INSERT INTO public.movements (id, container_id, from_slot, to_slot, "timestamp", moved_by) VALUES ('2e9801be-c306-41d2-b742-417ec75a67fa', 'b411fb2a-1f6b-4f8e-a99b-063bff998519', '7df969fb-9f96-479f-acdb-3aacd70724bc', '89552f9a-3682-4a12-ba60-90d6b46a0238', '2025-11-28 16:40:07.243545+00', 'robot_system');
INSERT INTO public.movements (id, container_id, from_slot, to_slot, "timestamp", moved_by) VALUES ('7d504c79-c3bf-4296-91be-5ccbf9a3df33', 'b411fb2a-1f6b-4f8e-a99b-063bff998519', '89552f9a-3682-4a12-ba60-90d6b46a0238', 'd0d65c6f-5855-4082-b168-04711f09ba28', '2025-11-28 16:41:55.214695+00', 'robot_system');
INSERT INTO public.movements (id, container_id, from_slot, to_slot, "timestamp", moved_by) VALUES ('8437e6da-1899-4b72-91e5-24cd40e2d3a2', '88fb1acf-61b6-4b77-acb8-758692dc19e5', '81212c3f-74a0-4885-a5f6-47ad34ecb809', '81212c3f-74a0-4885-a5f6-47ad34ecb809', '2025-11-28 16:42:04.369797+00', 'robot_system');
INSERT INTO public.movements (id, container_id, from_slot, to_slot, "timestamp", moved_by) VALUES ('6270f80a-6126-40db-a166-29d2daf46a89', 'b411fb2a-1f6b-4f8e-a99b-063bff998519', 'd0d65c6f-5855-4082-b168-04711f09ba28', '7df969fb-9f96-479f-acdb-3aacd70724bc', '2025-11-28 16:44:49.440182+00', 'robot_system');
INSERT INTO public.movements (id, container_id, from_slot, to_slot, "timestamp", moved_by) VALUES ('bc41c557-40a6-4ae4-a8ef-914353227af6', 'b411fb2a-1f6b-4f8e-a99b-063bff998519', '7df969fb-9f96-479f-acdb-3aacd70724bc', 'd0d65c6f-5855-4082-b168-04711f09ba28', '2025-11-28 16:45:51.15906+00', 'robot_system');
INSERT INTO public.movements (id, container_id, from_slot, to_slot, "timestamp", moved_by) VALUES ('de41a53e-9df9-480f-bebe-2a4409b3f539', '88fb1acf-61b6-4b77-acb8-758692dc19e5', '81212c3f-74a0-4885-a5f6-47ad34ecb809', '81212c3f-74a0-4885-a5f6-47ad34ecb809', '2025-11-28 16:45:55.493764+00', 'robot_system');
INSERT INTO public.movements (id, container_id, from_slot, to_slot, "timestamp", moved_by) VALUES ('e87afa6f-7aab-443d-8bb7-af8a406d5d7d', 'b411fb2a-1f6b-4f8e-a99b-063bff998519', 'd0d65c6f-5855-4082-b168-04711f09ba28', '7df969fb-9f96-479f-acdb-3aacd70724bc', '2025-11-28 16:47:30.408167+00', 'robot_system');
INSERT INTO public.movements (id, container_id, from_slot, to_slot, "timestamp", moved_by) VALUES ('74aa5cf8-1c63-49aa-a1ea-3c2d850201dd', 'b411fb2a-1f6b-4f8e-a99b-063bff998519', '7df969fb-9f96-479f-acdb-3aacd70724bc', '89552f9a-3682-4a12-ba60-90d6b46a0238', '2025-11-28 16:48:36.658763+00', 'robot_system');
INSERT INTO public.movements (id, container_id, from_slot, to_slot, "timestamp", moved_by) VALUES ('6988fa65-1f06-42a4-80ad-ffc88b86fa7a', 'b411fb2a-1f6b-4f8e-a99b-063bff998519', '89552f9a-3682-4a12-ba60-90d6b46a0238', 'd0d65c6f-5855-4082-b168-04711f09ba28', '2025-11-28 16:49:12.251584+00', 'robot_system');
INSERT INTO public.movements (id, container_id, from_slot, to_slot, "timestamp", moved_by) VALUES ('f8fc80ca-6900-4e2d-8c87-8143c20dc3fb', 'b411fb2a-1f6b-4f8e-a99b-063bff998519', 'd0d65c6f-5855-4082-b168-04711f09ba28', 'd0d65c6f-5855-4082-b168-04711f09ba28', '2025-11-28 16:50:08.236099+00', 'robot_system');
INSERT INTO public.movements (id, container_id, from_slot, to_slot, "timestamp", moved_by) VALUES ('be0538e7-11b6-4dec-a23b-d484fd4fe2bf', '88fb1acf-61b6-4b77-acb8-758692dc19e5', '81212c3f-74a0-4885-a5f6-47ad34ecb809', '81212c3f-74a0-4885-a5f6-47ad34ecb809', '2025-11-28 16:50:14.01508+00', 'robot_system');
INSERT INTO public.movements (id, container_id, from_slot, to_slot, "timestamp", moved_by) VALUES ('a461ba85-37d4-4cf5-be6b-12d87a56a141', 'b411fb2a-1f6b-4f8e-a99b-063bff998519', 'd0d65c6f-5855-4082-b168-04711f09ba28', '7df969fb-9f96-479f-acdb-3aacd70724bc', '2025-11-28 16:54:37.592751+00', 'robot_system');
INSERT INTO public.movements (id, container_id, from_slot, to_slot, "timestamp", moved_by) VALUES ('342fc40f-05bd-4cf3-aa82-ef3f5808fa6a', 'b411fb2a-1f6b-4f8e-a99b-063bff998519', '7df969fb-9f96-479f-acdb-3aacd70724bc', '89552f9a-3682-4a12-ba60-90d6b46a0238', '2025-11-28 16:55:17.385954+00', 'robot_system');
INSERT INTO public.movements (id, container_id, from_slot, to_slot, "timestamp", moved_by) VALUES ('3a205266-0e8d-482f-970b-70235f4b3717', 'b411fb2a-1f6b-4f8e-a99b-063bff998519', '89552f9a-3682-4a12-ba60-90d6b46a0238', 'd0d65c6f-5855-4082-b168-04711f09ba28', '2025-11-28 16:55:55.000293+00', 'robot_system');
INSERT INTO public.movements (id, container_id, from_slot, to_slot, "timestamp", moved_by) VALUES ('2e1ef3c6-6e78-4e78-9682-eaed56f262af', 'b411fb2a-1f6b-4f8e-a99b-063bff998519', 'd0d65c6f-5855-4082-b168-04711f09ba28', '7df969fb-9f96-479f-acdb-3aacd70724bc', '2025-12-02 11:54:35.431288+00', 'robot_system');
INSERT INTO public.movements (id, container_id, from_slot, to_slot, "timestamp", moved_by) VALUES ('77df4455-b124-42e5-bbf8-a483ec703944', 'b411fb2a-1f6b-4f8e-a99b-063bff998519', '7df969fb-9f96-479f-acdb-3aacd70724bc', '89552f9a-3682-4a12-ba60-90d6b46a0238', '2025-12-02 11:54:55.634226+00', 'robot_system');
INSERT INTO public.movements (id, container_id, from_slot, to_slot, "timestamp", moved_by) VALUES ('9e74b9c9-339e-474c-8d44-8398e3ffa00e', 'b411fb2a-1f6b-4f8e-a99b-063bff998519', '89552f9a-3682-4a12-ba60-90d6b46a0238', 'd0d65c6f-5855-4082-b168-04711f09ba28', '2025-12-02 11:55:22.475126+00', 'robot_system');
INSERT INTO public.movements (id, container_id, from_slot, to_slot, "timestamp", moved_by) VALUES ('54e44c51-461e-450f-93a3-cb90f98de341', 'b411fb2a-1f6b-4f8e-a99b-063bff998519', 'd0d65c6f-5855-4082-b168-04711f09ba28', '7df969fb-9f96-479f-acdb-3aacd70724bc', '2025-12-02 12:24:19.562329+00', 'robot_system');
INSERT INTO public.movements (id, container_id, from_slot, to_slot, "timestamp", moved_by) VALUES ('802999e5-778c-4e19-8d1b-6430713a1cad', 'b411fb2a-1f6b-4f8e-a99b-063bff998519', '7df969fb-9f96-479f-acdb-3aacd70724bc', 'd0d65c6f-5855-4082-b168-04711f09ba28', '2025-12-02 12:26:32.757777+00', 'robot_system');
INSERT INTO public.movements (id, container_id, from_slot, to_slot, "timestamp", moved_by) VALUES ('009f7222-15a7-4d88-b47a-b39073160f5d', 'b411fb2a-1f6b-4f8e-a99b-063bff998519', 'd0d65c6f-5855-4082-b168-04711f09ba28', '7df969fb-9f96-479f-acdb-3aacd70724bc', '2025-12-02 12:28:24.497436+00', 'robot_system');
INSERT INTO public.movements (id, container_id, from_slot, to_slot, "timestamp", moved_by) VALUES ('0c073a6f-27c7-458a-8010-601f1669239a', 'b411fb2a-1f6b-4f8e-a99b-063bff998519', '7df969fb-9f96-479f-acdb-3aacd70724bc', '89552f9a-3682-4a12-ba60-90d6b46a0238', '2025-12-02 12:29:10.033043+00', 'robot_system');
INSERT INTO public.movements (id, container_id, from_slot, to_slot, "timestamp", moved_by) VALUES ('15b91e04-e21a-4e6d-acbd-62a939e584d9', 'b411fb2a-1f6b-4f8e-a99b-063bff998519', '89552f9a-3682-4a12-ba60-90d6b46a0238', 'd0d65c6f-5855-4082-b168-04711f09ba28', '2025-12-02 12:32:43.83128+00', 'robot_system');
INSERT INTO public.movements (id, container_id, from_slot, to_slot, "timestamp", moved_by) VALUES ('893243f7-0542-41f6-aeda-1aa35e291258', '88fb1acf-61b6-4b77-acb8-758692dc19e5', '81212c3f-74a0-4885-a5f6-47ad34ecb809', '81212c3f-74a0-4885-a5f6-47ad34ecb809', '2025-12-02 12:32:49.544903+00', 'robot_system');
INSERT INTO public.movements (id, container_id, from_slot, to_slot, "timestamp", moved_by) VALUES ('490a51b7-310d-4354-883f-c0dd852b9d2e', 'b411fb2a-1f6b-4f8e-a99b-063bff998519', 'd0d65c6f-5855-4082-b168-04711f09ba28', '7df969fb-9f96-479f-acdb-3aacd70724bc', '2025-12-02 12:35:11.362226+00', 'robot_system');
INSERT INTO public.movements (id, container_id, from_slot, to_slot, "timestamp", moved_by) VALUES ('b39b77b3-6ebd-42ec-adb3-425d96c0ce20', 'b411fb2a-1f6b-4f8e-a99b-063bff998519', '7df969fb-9f96-479f-acdb-3aacd70724bc', 'd0d65c6f-5855-4082-b168-04711f09ba28', '2025-12-02 12:39:09.361921+00', 'robot_system');
INSERT INTO public.movements (id, container_id, from_slot, to_slot, "timestamp", moved_by) VALUES ('51b1aea9-8542-47f3-9bc0-324568080b8f', '88fb1acf-61b6-4b77-acb8-758692dc19e5', '81212c3f-74a0-4885-a5f6-47ad34ecb809', '81212c3f-74a0-4885-a5f6-47ad34ecb809', '2025-12-02 12:39:16.031414+00', 'robot_system');
INSERT INTO public.movements (id, container_id, from_slot, to_slot, "timestamp", moved_by) VALUES ('3bf2243f-8c95-4276-811a-7f1dd88d274c', 'b411fb2a-1f6b-4f8e-a99b-063bff998519', 'd0d65c6f-5855-4082-b168-04711f09ba28', '7df969fb-9f96-479f-acdb-3aacd70724bc', '2025-12-02 12:41:01.637367+00', 'robot_system');
INSERT INTO public.movements (id, container_id, from_slot, to_slot, "timestamp", moved_by) VALUES ('90cd7ef0-c66c-40d1-8225-30967f6d7a74', '88fb1acf-61b6-4b77-acb8-758692dc19e5', '81212c3f-74a0-4885-a5f6-47ad34ecb809', '89552f9a-3682-4a12-ba60-90d6b46a0238', '2025-12-02 12:41:29.643245+00', 'robot_system');
INSERT INTO public.movements (id, container_id, from_slot, to_slot, "timestamp", moved_by) VALUES ('0b11967b-1a23-4fad-8343-dd186ebbaca3', 'b411fb2a-1f6b-4f8e-a99b-063bff998519', '7df969fb-9f96-479f-acdb-3aacd70724bc', 'd0d65c6f-5855-4082-b168-04711f09ba28', '2025-12-02 12:43:38.861187+00', 'robot_system');
INSERT INTO public.movements (id, container_id, from_slot, to_slot, "timestamp", moved_by) VALUES ('88a0ae44-3487-415c-aa27-646b99854bd0', '88fb1acf-61b6-4b77-acb8-758692dc19e5', '89552f9a-3682-4a12-ba60-90d6b46a0238', '81212c3f-74a0-4885-a5f6-47ad34ecb809', '2025-12-02 12:43:45.262836+00', 'robot_system');
INSERT INTO public.movements (id, container_id, from_slot, to_slot, "timestamp", moved_by) VALUES ('2e629b10-4a14-4b74-8638-17459987dde9', 'b411fb2a-1f6b-4f8e-a99b-063bff998519', 'd0d65c6f-5855-4082-b168-04711f09ba28', '7df969fb-9f96-479f-acdb-3aacd70724bc', '2025-12-02 12:47:03.134789+00', 'robot_system');
INSERT INTO public.movements (id, container_id, from_slot, to_slot, "timestamp", moved_by) VALUES ('e4402239-b6cb-4e98-83f5-e0daaa40fb94', '88fb1acf-61b6-4b77-acb8-758692dc19e5', '81212c3f-74a0-4885-a5f6-47ad34ecb809', '89552f9a-3682-4a12-ba60-90d6b46a0238', '2025-12-02 12:47:08.659221+00', 'robot_system');
INSERT INTO public.movements (id, container_id, from_slot, to_slot, "timestamp", moved_by) VALUES ('dc299472-106d-4084-a469-1bb4749c83cf', 'b411fb2a-1f6b-4f8e-a99b-063bff998519', '7df969fb-9f96-479f-acdb-3aacd70724bc', 'd0d65c6f-5855-4082-b168-04711f09ba28', '2025-12-02 12:48:05.797681+00', 'robot_system');
INSERT INTO public.movements (id, container_id, from_slot, to_slot, "timestamp", moved_by) VALUES ('0083a5bd-4f6f-4b3a-be07-35f78cd36dfe', 'b411fb2a-1f6b-4f8e-a99b-063bff998519', 'd0d65c6f-5855-4082-b168-04711f09ba28', 'd0d65c6f-5855-4082-b168-04711f09ba28', '2025-12-02 12:49:26.446602+00', 'robot_system');
INSERT INTO public.movements (id, container_id, from_slot, to_slot, "timestamp", moved_by) VALUES ('7b925666-5a2a-478d-947e-573056482b97', '88fb1acf-61b6-4b77-acb8-758692dc19e5', '89552f9a-3682-4a12-ba60-90d6b46a0238', '81212c3f-74a0-4885-a5f6-47ad34ecb809', '2025-12-02 12:49:31.837983+00', 'robot_system');
INSERT INTO public.movements (id, container_id, from_slot, to_slot, "timestamp", moved_by) VALUES ('ad710b48-3999-4f42-ae6a-c84a91aa0643', 'b411fb2a-1f6b-4f8e-a99b-063bff998519', 'd0d65c6f-5855-4082-b168-04711f09ba28', '7df969fb-9f96-479f-acdb-3aacd70724bc', '2025-12-02 12:52:41.521045+00', 'robot_system');
INSERT INTO public.movements (id, container_id, from_slot, to_slot, "timestamp", moved_by) VALUES ('b05db4f7-7a4c-412e-a816-e3bb9e22ca2e', '88fb1acf-61b6-4b77-acb8-758692dc19e5', '81212c3f-74a0-4885-a5f6-47ad34ecb809', '89552f9a-3682-4a12-ba60-90d6b46a0238', '2025-12-02 12:53:30.50863+00', 'robot_system');
INSERT INTO public.movements (id, container_id, from_slot, to_slot, "timestamp", moved_by) VALUES ('3de1ad61-2762-49b5-8950-a06e979373ba', 'b411fb2a-1f6b-4f8e-a99b-063bff998519', '7df969fb-9f96-479f-acdb-3aacd70724bc', 'd0d65c6f-5855-4082-b168-04711f09ba28', '2025-12-02 12:55:08.340106+00', 'robot_system');
INSERT INTO public.movements (id, container_id, from_slot, to_slot, "timestamp", moved_by) VALUES ('999d98c4-6105-413c-9ca7-f03d9f23a064', '88fb1acf-61b6-4b77-acb8-758692dc19e5', '89552f9a-3682-4a12-ba60-90d6b46a0238', '81212c3f-74a0-4885-a5f6-47ad34ecb809', '2025-12-02 12:55:14.471087+00', 'robot_system');
INSERT INTO public.movements (id, container_id, from_slot, to_slot, "timestamp", moved_by) VALUES ('d408ce8b-8fc0-4443-8d5d-988fcdec5d51', 'b411fb2a-1f6b-4f8e-a99b-063bff998519', 'd0d65c6f-5855-4082-b168-04711f09ba28', '7df969fb-9f96-479f-acdb-3aacd70724bc', '2025-12-02 12:58:34.368777+00', 'robot_system');
INSERT INTO public.movements (id, container_id, from_slot, to_slot, "timestamp", moved_by) VALUES ('3d1c9fdd-bdd2-4521-a7ae-9529bdef3d6e', '88fb1acf-61b6-4b77-acb8-758692dc19e5', '81212c3f-74a0-4885-a5f6-47ad34ecb809', '89552f9a-3682-4a12-ba60-90d6b46a0238', '2025-12-02 12:59:17.344723+00', 'robot_system');
INSERT INTO public.movements (id, container_id, from_slot, to_slot, "timestamp", moved_by) VALUES ('bee78016-fa2e-4db1-b6ac-5898db075d41', 'b411fb2a-1f6b-4f8e-a99b-063bff998519', '7df969fb-9f96-479f-acdb-3aacd70724bc', 'd0d65c6f-5855-4082-b168-04711f09ba28', '2025-12-02 12:59:56.236617+00', 'robot_system');
INSERT INTO public.movements (id, container_id, from_slot, to_slot, "timestamp", moved_by) VALUES ('cfcc2659-a08f-46cc-a18c-9ba296be1522', 'b411fb2a-1f6b-4f8e-a99b-063bff998519', 'd0d65c6f-5855-4082-b168-04711f09ba28', 'd0d65c6f-5855-4082-b168-04711f09ba28', '2025-12-02 13:01:25.377615+00', 'robot_system');
INSERT INTO public.movements (id, container_id, from_slot, to_slot, "timestamp", moved_by) VALUES ('e11b2383-a57a-4a9a-9387-36591288ad15', '88fb1acf-61b6-4b77-acb8-758692dc19e5', '89552f9a-3682-4a12-ba60-90d6b46a0238', '81212c3f-74a0-4885-a5f6-47ad34ecb809', '2025-12-02 13:01:31.388364+00', 'robot_system');
INSERT INTO public.movements (id, container_id, from_slot, to_slot, "timestamp", moved_by) VALUES ('6cf7e9b3-3da5-4481-8c3d-ad6bb8968633', 'b411fb2a-1f6b-4f8e-a99b-063bff998519', 'd0d65c6f-5855-4082-b168-04711f09ba28', '7df969fb-9f96-479f-acdb-3aacd70724bc', '2025-12-02 13:04:34.96887+00', 'robot_system');
INSERT INTO public.movements (id, container_id, from_slot, to_slot, "timestamp", moved_by) VALUES ('555eeb0b-c34c-4296-942f-324b81944706', '88fb1acf-61b6-4b77-acb8-758692dc19e5', '81212c3f-74a0-4885-a5f6-47ad34ecb809', '89552f9a-3682-4a12-ba60-90d6b46a0238', '2025-12-02 13:05:17.244879+00', 'robot_system');
INSERT INTO public.movements (id, container_id, from_slot, to_slot, "timestamp", moved_by) VALUES ('5c606d83-bd8a-44e8-9fbf-b2b85ec407a7', 'b411fb2a-1f6b-4f8e-a99b-063bff998519', '7df969fb-9f96-479f-acdb-3aacd70724bc', 'd0d65c6f-5855-4082-b168-04711f09ba28', '2025-12-02 13:05:56.507325+00', 'robot_system');
INSERT INTO public.movements (id, container_id, from_slot, to_slot, "timestamp", moved_by) VALUES ('0297c988-e46f-42f8-b271-93d03b716dcc', '88fb1acf-61b6-4b77-acb8-758692dc19e5', '89552f9a-3682-4a12-ba60-90d6b46a0238', '81212c3f-74a0-4885-a5f6-47ad34ecb809', '2025-12-02 13:21:08.649457+00', 'robot_system');
INSERT INTO public.movements (id, container_id, from_slot, to_slot, "timestamp", moved_by) VALUES ('02297521-255f-4322-b73c-745b13cb5386', 'b411fb2a-1f6b-4f8e-a99b-063bff998519', 'd0d65c6f-5855-4082-b168-04711f09ba28', '7df969fb-9f96-479f-acdb-3aacd70724bc', '2025-12-02 13:23:42.497198+00', 'robot_system');
INSERT INTO public.movements (id, container_id, from_slot, to_slot, "timestamp", moved_by) VALUES ('e6cce239-7c38-4b20-a9af-41ec1945a886', '88fb1acf-61b6-4b77-acb8-758692dc19e5', '81212c3f-74a0-4885-a5f6-47ad34ecb809', '89552f9a-3682-4a12-ba60-90d6b46a0238', '2025-12-02 13:24:39.223276+00', 'robot_system');
INSERT INTO public.movements (id, container_id, from_slot, to_slot, "timestamp", moved_by) VALUES ('aea2faa6-7a3c-45cc-8d3f-4dee3fffe02f', 'b411fb2a-1f6b-4f8e-a99b-063bff998519', '7df969fb-9f96-479f-acdb-3aacd70724bc', 'd0d65c6f-5855-4082-b168-04711f09ba28', '2025-12-02 13:25:20.248979+00', 'robot_system');
INSERT INTO public.movements (id, container_id, from_slot, to_slot, "timestamp", moved_by) VALUES ('9f82f044-a4f5-4f66-914e-eafad2d30bd6', 'b411fb2a-1f6b-4f8e-a99b-063bff998519', 'd0d65c6f-5855-4082-b168-04711f09ba28', 'd0d65c6f-5855-4082-b168-04711f09ba28', '2025-12-02 13:29:42.56456+00', 'robot_system');
INSERT INTO public.movements (id, container_id, from_slot, to_slot, "timestamp", moved_by) VALUES ('fe85e30c-c514-46b8-a63e-1b5583409e0b', '88fb1acf-61b6-4b77-acb8-758692dc19e5', '89552f9a-3682-4a12-ba60-90d6b46a0238', '81212c3f-74a0-4885-a5f6-47ad34ecb809', '2025-12-02 13:29:48.555122+00', 'robot_system');
INSERT INTO public.movements (id, container_id, from_slot, to_slot, "timestamp", moved_by) VALUES ('5364cdfd-d922-46a5-845a-8175aaa2753f', 'b411fb2a-1f6b-4f8e-a99b-063bff998519', 'd0d65c6f-5855-4082-b168-04711f09ba28', '7df969fb-9f96-479f-acdb-3aacd70724bc', '2025-12-02 13:34:16.654661+00', 'robot_system');
INSERT INTO public.movements (id, container_id, from_slot, to_slot, "timestamp", moved_by) VALUES ('e61438a4-f9ab-42ee-9121-380837aa877e', '88fb1acf-61b6-4b77-acb8-758692dc19e5', '81212c3f-74a0-4885-a5f6-47ad34ecb809', '89552f9a-3682-4a12-ba60-90d6b46a0238', '2025-12-02 13:35:01.294893+00', 'robot_system');
INSERT INTO public.movements (id, container_id, from_slot, to_slot, "timestamp", moved_by) VALUES ('5d90376a-d951-4915-b473-d35d31c08dc6', 'b411fb2a-1f6b-4f8e-a99b-063bff998519', '7df969fb-9f96-479f-acdb-3aacd70724bc', 'd0d65c6f-5855-4082-b168-04711f09ba28', '2025-12-02 13:36:22.03189+00', 'robot_system');
INSERT INTO public.movements (id, container_id, from_slot, to_slot, "timestamp", moved_by) VALUES ('478ca859-78cb-4ee9-8d01-0f37c846695f', 'b411fb2a-1f6b-4f8e-a99b-063bff998519', 'd0d65c6f-5855-4082-b168-04711f09ba28', 'd0d65c6f-5855-4082-b168-04711f09ba28', '2025-12-02 13:37:42.707154+00', 'robot_system');
INSERT INTO public.movements (id, container_id, from_slot, to_slot, "timestamp", moved_by) VALUES ('3c42807e-f230-429a-beb4-edf35230b2a9', '88fb1acf-61b6-4b77-acb8-758692dc19e5', '89552f9a-3682-4a12-ba60-90d6b46a0238', '81212c3f-74a0-4885-a5f6-47ad34ecb809', '2025-12-02 13:37:50.528266+00', 'robot_system');
INSERT INTO public.movements (id, container_id, from_slot, to_slot, "timestamp", moved_by) VALUES ('e3d94362-9ad9-400d-b809-3d8d1aea12df', 'b411fb2a-1f6b-4f8e-a99b-063bff998519', 'd0d65c6f-5855-4082-b168-04711f09ba28', '7df969fb-9f96-479f-acdb-3aacd70724bc', '2025-12-02 13:42:14.175485+00', 'robot_system');
INSERT INTO public.movements (id, container_id, from_slot, to_slot, "timestamp", moved_by) VALUES ('78756b47-aba6-4331-a595-3d65a0d035d3', '88fb1acf-61b6-4b77-acb8-758692dc19e5', '81212c3f-74a0-4885-a5f6-47ad34ecb809', '89552f9a-3682-4a12-ba60-90d6b46a0238', '2025-12-02 13:42:53.455385+00', 'robot_system');
INSERT INTO public.movements (id, container_id, from_slot, to_slot, "timestamp", moved_by) VALUES ('2096c182-8758-4a7c-8fcf-9de50fac85c3', 'b411fb2a-1f6b-4f8e-a99b-063bff998519', '7df969fb-9f96-479f-acdb-3aacd70724bc', 'd0d65c6f-5855-4082-b168-04711f09ba28', '2025-12-02 13:51:16.939722+00', 'robot_system');
INSERT INTO public.movements (id, container_id, from_slot, to_slot, "timestamp", moved_by) VALUES ('97baa6c0-dd62-476a-a349-2bffea0f7df3', '88fb1acf-61b6-4b77-acb8-758692dc19e5', '89552f9a-3682-4a12-ba60-90d6b46a0238', '81212c3f-74a0-4885-a5f6-47ad34ecb809', '2025-12-02 13:51:23.17623+00', 'robot_system');
INSERT INTO public.movements (id, container_id, from_slot, to_slot, "timestamp", moved_by) VALUES ('4a4a1eb3-4e68-462b-a884-93dc5b66460b', 'b411fb2a-1f6b-4f8e-a99b-063bff998519', 'd0d65c6f-5855-4082-b168-04711f09ba28', '7df969fb-9f96-479f-acdb-3aacd70724bc', '2025-12-02 13:54:52.089661+00', 'robot_system');
INSERT INTO public.movements (id, container_id, from_slot, to_slot, "timestamp", moved_by) VALUES ('1fac33a3-a80f-4d21-b127-7747691ef7b1', '88fb1acf-61b6-4b77-acb8-758692dc19e5', '81212c3f-74a0-4885-a5f6-47ad34ecb809', '89552f9a-3682-4a12-ba60-90d6b46a0238', '2025-12-02 13:55:37.816732+00', 'robot_system');
INSERT INTO public.movements (id, container_id, from_slot, to_slot, "timestamp", moved_by) VALUES ('a6ba4bdc-b3d1-460d-82ac-0f5b00984bda', 'b411fb2a-1f6b-4f8e-a99b-063bff998519', '7df969fb-9f96-479f-acdb-3aacd70724bc', 'd0d65c6f-5855-4082-b168-04711f09ba28', '2025-12-02 13:56:37.180796+00', 'robot_system');
INSERT INTO public.movements (id, container_id, from_slot, to_slot, "timestamp", moved_by) VALUES ('3ef1f232-0956-4fc0-bf66-6e0f00dedb94', 'b411fb2a-1f6b-4f8e-a99b-063bff998519', 'd0d65c6f-5855-4082-b168-04711f09ba28', 'd0d65c6f-5855-4082-b168-04711f09ba28', '2025-12-02 14:07:36.410812+00', 'robot_system');
INSERT INTO public.movements (id, container_id, from_slot, to_slot, "timestamp", moved_by) VALUES ('3f3104f9-027c-4dd7-8464-60112f43e9f7', '88fb1acf-61b6-4b77-acb8-758692dc19e5', '89552f9a-3682-4a12-ba60-90d6b46a0238', '81212c3f-74a0-4885-a5f6-47ad34ecb809', '2025-12-02 14:07:42.019058+00', 'robot_system');
INSERT INTO public.movements (id, container_id, from_slot, to_slot, "timestamp", moved_by) VALUES ('d1400c16-a9ed-4f73-86a0-dd5403c44aed', 'b411fb2a-1f6b-4f8e-a99b-063bff998519', 'd0d65c6f-5855-4082-b168-04711f09ba28', '7df969fb-9f96-479f-acdb-3aacd70724bc', '2025-12-02 14:09:26.73588+00', 'robot_system');
INSERT INTO public.movements (id, container_id, from_slot, to_slot, "timestamp", moved_by) VALUES ('d7085326-5739-4ec3-a33b-dd8d300e2bf8', 'b411fb2a-1f6b-4f8e-a99b-063bff998519', '7df969fb-9f96-479f-acdb-3aacd70724bc', 'd0d65c6f-5855-4082-b168-04711f09ba28', '2025-12-02 14:09:44.254785+00', 'robot_system');
INSERT INTO public.movements (id, container_id, from_slot, to_slot, "timestamp", moved_by) VALUES ('c8d9d2a5-8cf2-4af9-8ac5-902fb0ae505b', '88fb1acf-61b6-4b77-acb8-758692dc19e5', '81212c3f-74a0-4885-a5f6-47ad34ecb809', '81212c3f-74a0-4885-a5f6-47ad34ecb809', '2025-12-02 14:09:49.812436+00', 'robot_system');
INSERT INTO public.movements (id, container_id, from_slot, to_slot, "timestamp", moved_by) VALUES ('8c9b3970-7599-47e3-8335-e3a0021df637', 'b411fb2a-1f6b-4f8e-a99b-063bff998519', 'd0d65c6f-5855-4082-b168-04711f09ba28', '7df969fb-9f96-479f-acdb-3aacd70724bc', '2025-12-02 14:12:05.168553+00', 'robot_system');
INSERT INTO public.movements (id, container_id, from_slot, to_slot, "timestamp", moved_by) VALUES ('d2be74e0-c4d4-47af-9ae4-aae579307405', '88fb1acf-61b6-4b77-acb8-758692dc19e5', '81212c3f-74a0-4885-a5f6-47ad34ecb809', '89552f9a-3682-4a12-ba60-90d6b46a0238', '2025-12-02 14:12:51.898461+00', 'robot_system');
INSERT INTO public.movements (id, container_id, from_slot, to_slot, "timestamp", moved_by) VALUES ('3c9f700a-1503-4cfa-826e-de04a9b774fd', 'b411fb2a-1f6b-4f8e-a99b-063bff998519', '7df969fb-9f96-479f-acdb-3aacd70724bc', 'd0d65c6f-5855-4082-b168-04711f09ba28', '2025-12-02 14:13:34.935926+00', 'robot_system');
INSERT INTO public.movements (id, container_id, from_slot, to_slot, "timestamp", moved_by) VALUES ('064bb677-a61e-497d-90ad-642a3db1b4a0', 'b411fb2a-1f6b-4f8e-a99b-063bff998519', 'd0d65c6f-5855-4082-b168-04711f09ba28', 'd0d65c6f-5855-4082-b168-04711f09ba28', '2025-12-02 14:19:23.320732+00', 'robot_system');
INSERT INTO public.movements (id, container_id, from_slot, to_slot, "timestamp", moved_by) VALUES ('e1013cf4-7032-46d5-8741-a8453f2aaa0f', '88fb1acf-61b6-4b77-acb8-758692dc19e5', '89552f9a-3682-4a12-ba60-90d6b46a0238', '81212c3f-74a0-4885-a5f6-47ad34ecb809', '2025-12-02 14:19:28.936415+00', 'robot_system');
INSERT INTO public.movements (id, container_id, from_slot, to_slot, "timestamp", moved_by) VALUES ('474f4606-652b-4030-83a8-98187b959b00', 'b411fb2a-1f6b-4f8e-a99b-063bff998519', 'd0d65c6f-5855-4082-b168-04711f09ba28', '7df969fb-9f96-479f-acdb-3aacd70724bc', '2025-12-02 14:22:51.337816+00', 'robot_system');
INSERT INTO public.movements (id, container_id, from_slot, to_slot, "timestamp", moved_by) VALUES ('87c513d5-ef8a-4091-8e38-1defcba1f67e', '88fb1acf-61b6-4b77-acb8-758692dc19e5', '81212c3f-74a0-4885-a5f6-47ad34ecb809', '89552f9a-3682-4a12-ba60-90d6b46a0238', '2025-12-02 14:23:36.757941+00', 'robot_system');
INSERT INTO public.movements (id, container_id, from_slot, to_slot, "timestamp", moved_by) VALUES ('f549512e-0228-4537-a57d-7e6bc2f2a855', 'b411fb2a-1f6b-4f8e-a99b-063bff998519', '7df969fb-9f96-479f-acdb-3aacd70724bc', 'd0d65c6f-5855-4082-b168-04711f09ba28', '2025-12-02 14:24:37.100532+00', 'robot_system');
INSERT INTO public.movements (id, container_id, from_slot, to_slot, "timestamp", moved_by) VALUES ('6a16f5c6-823e-4a4a-a581-2b723dcf80b6', 'b411fb2a-1f6b-4f8e-a99b-063bff998519', 'd0d65c6f-5855-4082-b168-04711f09ba28', '5d8d460f-02f2-4504-9f80-9b74d64f30fc', '2025-12-02 14:26:15.47202+00', 'robot_system');
INSERT INTO public.movements (id, container_id, from_slot, to_slot, "timestamp", moved_by) VALUES ('d0c1df65-ffd0-4ab0-ac80-c7405e89e5ab', 'b411fb2a-1f6b-4f8e-a99b-063bff998519', '5d8d460f-02f2-4504-9f80-9b74d64f30fc', 'd0d65c6f-5855-4082-b168-04711f09ba28', '2025-12-02 14:37:29.366862+00', 'robot_system');
INSERT INTO public.movements (id, container_id, from_slot, to_slot, "timestamp", moved_by) VALUES ('c6c91be2-e485-4e66-b7a2-e52cddb883f1', 'b411fb2a-1f6b-4f8e-a99b-063bff998519', 'd0d65c6f-5855-4082-b168-04711f09ba28', '9264b323-a5c6-40e4-828e-4db2dece9146', '2025-12-02 14:55:13.922884+00', 'robot_system');
INSERT INTO public.movements (id, container_id, from_slot, to_slot, "timestamp", moved_by) VALUES ('566c1457-817e-4437-ac93-6f4bf3f6e089', 'b411fb2a-1f6b-4f8e-a99b-063bff998519', '9264b323-a5c6-40e4-828e-4db2dece9146', 'd0d65c6f-5855-4082-b168-04711f09ba28', '2025-12-02 14:58:18.770587+00', 'robot_system');
INSERT INTO public.movements (id, container_id, from_slot, to_slot, "timestamp", moved_by) VALUES ('d5c04a9e-6a9a-4467-9e5a-be45f60b57bc', '88fb1acf-61b6-4b77-acb8-758692dc19e5', '89552f9a-3682-4a12-ba60-90d6b46a0238', '9264b323-a5c6-40e4-828e-4db2dece9146', '2025-12-02 15:00:38.512314+00', 'robot_system');
INSERT INTO public.movements (id, container_id, from_slot, to_slot, "timestamp", moved_by) VALUES ('234249c2-c0cc-4e00-8c51-52492a88b2be', 'b411fb2a-1f6b-4f8e-a99b-063bff998519', 'd0d65c6f-5855-4082-b168-04711f09ba28', '5d8d460f-02f2-4504-9f80-9b74d64f30fc', '2025-12-02 15:01:37.348852+00', 'robot_system');
INSERT INTO public.movements (id, container_id, from_slot, to_slot, "timestamp", moved_by) VALUES ('606db51c-83a3-4af7-8155-c1e7289df797', 'b411fb2a-1f6b-4f8e-a99b-063bff998519', '5d8d460f-02f2-4504-9f80-9b74d64f30fc', 'd0d65c6f-5855-4082-b168-04711f09ba28', '2025-12-02 15:05:00.068008+00', 'robot_system');
INSERT INTO public.movements (id, container_id, from_slot, to_slot, "timestamp", moved_by) VALUES ('bb948e8c-f556-40c6-9943-00abaacb9f0f', 'b411fb2a-1f6b-4f8e-a99b-063bff998519', 'd0d65c6f-5855-4082-b168-04711f09ba28', '08b0667f-c45c-48d7-98ef-fa64e1ef44d1', '2025-12-03 09:54:05.526012+00', 'robot_system');
INSERT INTO public.movements (id, container_id, from_slot, to_slot, "timestamp", moved_by) VALUES ('dacbef28-1499-4263-ac08-67747b520755', '88fb1acf-61b6-4b77-acb8-758692dc19e5', '9264b323-a5c6-40e4-828e-4db2dece9146', '81212c3f-74a0-4885-a5f6-47ad34ecb809', '2025-12-03 09:54:46.557121+00', 'robot_system');
INSERT INTO public.movements (id, container_id, from_slot, to_slot, "timestamp", moved_by) VALUES ('67f630e0-6120-43c8-bcd0-f06e869c853d', 'b411fb2a-1f6b-4f8e-a99b-063bff998519', '08b0667f-c45c-48d7-98ef-fa64e1ef44d1', 'd0d65c6f-5855-4082-b168-04711f09ba28', '2025-12-03 09:58:01.057295+00', 'robot_system');
INSERT INTO public.movements (id, container_id, from_slot, to_slot, "timestamp", moved_by) VALUES ('72659900-2b31-4e3b-84f8-9d7a6a543fce', 'b411fb2a-1f6b-4f8e-a99b-063bff998519', 'd0d65c6f-5855-4082-b168-04711f09ba28', '08b0667f-c45c-48d7-98ef-fa64e1ef44d1', '2025-12-03 10:02:32.693767+00', 'robot_system');
INSERT INTO public.movements (id, container_id, from_slot, to_slot, "timestamp", moved_by) VALUES ('c25f8370-ffe9-4bb3-b0b6-690d02ad4b17', 'b411fb2a-1f6b-4f8e-a99b-063bff998519', '08b0667f-c45c-48d7-98ef-fa64e1ef44d1', 'd0d65c6f-5855-4082-b168-04711f09ba28', '2025-12-03 10:03:19.10098+00', 'robot_system');
INSERT INTO public.movements (id, container_id, from_slot, to_slot, "timestamp", moved_by) VALUES ('981bf71b-b165-4326-bfae-85df84c8df3c', 'b411fb2a-1f6b-4f8e-a99b-063bff998519', 'd0d65c6f-5855-4082-b168-04711f09ba28', '08b0667f-c45c-48d7-98ef-fa64e1ef44d1', '2025-12-03 10:04:19.630615+00', 'robot_system');
INSERT INTO public.movements (id, container_id, from_slot, to_slot, "timestamp", moved_by) VALUES ('481ba89b-9ba1-4b33-9f9e-095ec53c950b', 'b411fb2a-1f6b-4f8e-a99b-063bff998519', '08b0667f-c45c-48d7-98ef-fa64e1ef44d1', 'd0d65c6f-5855-4082-b168-04711f09ba28', '2025-12-03 10:05:18.977878+00', 'robot_system');
INSERT INTO public.movements (id, container_id, from_slot, to_slot, "timestamp", moved_by) VALUES ('0b8df045-cc1f-42bc-b987-69697edc5bf0', 'b411fb2a-1f6b-4f8e-a99b-063bff998519', 'd0d65c6f-5855-4082-b168-04711f09ba28', '08b0667f-c45c-48d7-98ef-fa64e1ef44d1', '2025-12-03 10:11:17.517359+00', 'robot_system');
INSERT INTO public.movements (id, container_id, from_slot, to_slot, "timestamp", moved_by) VALUES ('552c4840-c611-4bc0-880d-5125b13b77e9', 'b411fb2a-1f6b-4f8e-a99b-063bff998519', '08b0667f-c45c-48d7-98ef-fa64e1ef44d1', 'd0d65c6f-5855-4082-b168-04711f09ba28', '2025-12-03 10:11:48.691363+00', 'robot_system');
INSERT INTO public.movements (id, container_id, from_slot, to_slot, "timestamp", moved_by) VALUES ('68a41503-b9c0-4b24-9899-99794610c475', 'b411fb2a-1f6b-4f8e-a99b-063bff998519', 'd0d65c6f-5855-4082-b168-04711f09ba28', '08b0667f-c45c-48d7-98ef-fa64e1ef44d1', '2025-12-03 10:12:08.472849+00', 'robot_system');
INSERT INTO public.movements (id, container_id, from_slot, to_slot, "timestamp", moved_by) VALUES ('21924a2b-1e4e-4a87-a216-e786290952bd', 'b411fb2a-1f6b-4f8e-a99b-063bff998519', '08b0667f-c45c-48d7-98ef-fa64e1ef44d1', 'd0d65c6f-5855-4082-b168-04711f09ba28', '2025-12-03 10:14:48.492018+00', 'robot_system');
INSERT INTO public.movements (id, container_id, from_slot, to_slot, "timestamp", moved_by) VALUES ('a520b445-66e7-4e54-b8f3-f197166eebaf', 'b411fb2a-1f6b-4f8e-a99b-063bff998519', 'd0d65c6f-5855-4082-b168-04711f09ba28', '08b0667f-c45c-48d7-98ef-fa64e1ef44d1', '2025-12-03 10:16:03.423316+00', 'robot_system');
INSERT INTO public.movements (id, container_id, from_slot, to_slot, "timestamp", moved_by) VALUES ('3eb71a45-ee3e-4ef6-9a44-0e370e2a783c', 'b411fb2a-1f6b-4f8e-a99b-063bff998519', '08b0667f-c45c-48d7-98ef-fa64e1ef44d1', 'd0d65c6f-5855-4082-b168-04711f09ba28', '2025-12-03 10:17:54.983428+00', 'robot_system');
INSERT INTO public.movements (id, container_id, from_slot, to_slot, "timestamp", moved_by) VALUES ('92e1bb5b-4902-465e-836e-415bfe195791', '88fb1acf-61b6-4b77-acb8-758692dc19e5', '81212c3f-74a0-4885-a5f6-47ad34ecb809', '08b0667f-c45c-48d7-98ef-fa64e1ef44d1', '2025-12-03 10:18:37.785319+00', 'robot_system');
INSERT INTO public.movements (id, container_id, from_slot, to_slot, "timestamp", moved_by) VALUES ('8da39727-50de-49d8-9e5d-140011ca124a', '88fb1acf-61b6-4b77-acb8-758692dc19e5', '08b0667f-c45c-48d7-98ef-fa64e1ef44d1', '9264b323-a5c6-40e4-828e-4db2dece9146', '2025-12-03 10:19:13.428539+00', 'robot_system');
INSERT INTO public.movements (id, container_id, from_slot, to_slot, "timestamp", moved_by) VALUES ('f891d905-5257-49d8-9d6c-edf84b1162fb', '88fb1acf-61b6-4b77-acb8-758692dc19e5', '9264b323-a5c6-40e4-828e-4db2dece9146', '81212c3f-74a0-4885-a5f6-47ad34ecb809', '2025-12-03 10:21:25.87611+00', 'robot_system');
INSERT INTO public.movements (id, container_id, from_slot, to_slot, "timestamp", moved_by) VALUES ('468f3622-b744-413e-86da-a8a8d36606fd', '88fb1acf-61b6-4b77-acb8-758692dc19e5', '81212c3f-74a0-4885-a5f6-47ad34ecb809', '08b0667f-c45c-48d7-98ef-fa64e1ef44d1', '2025-12-03 10:21:43.902617+00', 'robot_system');
INSERT INTO public.movements (id, container_id, from_slot, to_slot, "timestamp", moved_by) VALUES ('273e9e40-2d8f-424a-9cec-db55543e0b3c', '88fb1acf-61b6-4b77-acb8-758692dc19e5', '08b0667f-c45c-48d7-98ef-fa64e1ef44d1', '9264b323-a5c6-40e4-828e-4db2dece9146', '2025-12-03 10:24:16.915646+00', 'robot_system');
INSERT INTO public.movements (id, container_id, from_slot, to_slot, "timestamp", moved_by) VALUES ('7384f2a2-d767-47c8-b6cd-51c11a1e7337', '4350a66d-00e6-47fa-89b5-fc346f795046', '08b0667f-c45c-48d7-98ef-fa64e1ef44d1', '08b0667f-c45c-48d7-98ef-fa64e1ef44d1', '2025-12-03 10:29:06.547562+00', 'robot_system');
INSERT INTO public.movements (id, container_id, from_slot, to_slot, "timestamp", moved_by) VALUES ('cd22cbe5-6a77-4c3d-be89-708e4a6039d7', '4350a66d-00e6-47fa-89b5-fc346f795046', '08b0667f-c45c-48d7-98ef-fa64e1ef44d1', '81212c3f-74a0-4885-a5f6-47ad34ecb809', '2025-12-03 10:29:45.483089+00', 'robot_system');
INSERT INTO public.movements (id, container_id, from_slot, to_slot, "timestamp", moved_by) VALUES ('a4c74d6d-b024-4b9c-a463-9186ad54c9cf', '4350a66d-00e6-47fa-89b5-fc346f795046', '81212c3f-74a0-4885-a5f6-47ad34ecb809', '08b0667f-c45c-48d7-98ef-fa64e1ef44d1', '2025-12-03 10:30:10.999117+00', 'robot_system');
INSERT INTO public.movements (id, container_id, from_slot, to_slot, "timestamp", moved_by) VALUES ('828f313b-bdfb-494e-aa49-d5fd4f239c87', '4350a66d-00e6-47fa-89b5-fc346f795046', '08b0667f-c45c-48d7-98ef-fa64e1ef44d1', '81212c3f-74a0-4885-a5f6-47ad34ecb809', '2025-12-03 10:31:45.007035+00', 'robot_system');
INSERT INTO public.movements (id, container_id, from_slot, to_slot, "timestamp", moved_by) VALUES ('b42133ae-89af-4737-92a6-578048545987', 'b411fb2a-1f6b-4f8e-a99b-063bff998519', 'd0d65c6f-5855-4082-b168-04711f09ba28', '5a8e44e6-9fcd-49e1-a0c9-45190ff86e4e', '2025-12-03 10:32:49.65883+00', 'robot_system');
INSERT INTO public.movements (id, container_id, from_slot, to_slot, "timestamp", moved_by) VALUES ('61582ead-5e20-4e12-9bc4-c29b3de21c18', 'b411fb2a-1f6b-4f8e-a99b-063bff998519', '5a8e44e6-9fcd-49e1-a0c9-45190ff86e4e', '5a8e44e6-9fcd-49e1-a0c9-45190ff86e4e', '2025-12-03 10:33:45.97698+00', 'robot_system');
INSERT INTO public.movements (id, container_id, from_slot, to_slot, "timestamp", moved_by) VALUES ('a1df11ec-03a8-4338-98e4-47efa96fdb9a', 'b411fb2a-1f6b-4f8e-a99b-063bff998519', '5a8e44e6-9fcd-49e1-a0c9-45190ff86e4e', 'd0d65c6f-5855-4082-b168-04711f09ba28', '2025-12-03 10:35:09.701825+00', 'robot_system');
INSERT INTO public.movements (id, container_id, from_slot, to_slot, "timestamp", moved_by) VALUES ('1eeca828-06e9-4d67-9443-9510b73d5527', 'b411fb2a-1f6b-4f8e-a99b-063bff998519', 'd0d65c6f-5855-4082-b168-04711f09ba28', '5a8e44e6-9fcd-49e1-a0c9-45190ff86e4e', '2025-12-03 10:35:39.188462+00', 'robot_system');
INSERT INTO public.movements (id, container_id, from_slot, to_slot, "timestamp", moved_by) VALUES ('76649361-e2ca-4fa8-a3a3-1d267a384c22', 'b411fb2a-1f6b-4f8e-a99b-063bff998519', '5a8e44e6-9fcd-49e1-a0c9-45190ff86e4e', 'd0d65c6f-5855-4082-b168-04711f09ba28', '2025-12-03 10:38:41.185177+00', 'robot_system');
INSERT INTO public.movements (id, container_id, from_slot, to_slot, "timestamp", moved_by) VALUES ('eaf7eb4f-b7a5-445b-aeef-5d5ad76c41ae', '88fb1acf-61b6-4b77-acb8-758692dc19e5', '9264b323-a5c6-40e4-828e-4db2dece9146', '5a8e44e6-9fcd-49e1-a0c9-45190ff86e4e', '2025-12-03 10:39:43.617053+00', 'robot_system');
INSERT INTO public.movements (id, container_id, from_slot, to_slot, "timestamp", moved_by) VALUES ('1a2eef91-b4c2-48a8-8692-a6b86f8ba705', '88fb1acf-61b6-4b77-acb8-758692dc19e5', '5a8e44e6-9fcd-49e1-a0c9-45190ff86e4e', '9264b323-a5c6-40e4-828e-4db2dece9146', '2025-12-03 10:40:17.227475+00', 'robot_system');
INSERT INTO public.movements (id, container_id, from_slot, to_slot, "timestamp", moved_by) VALUES ('3fff4a82-7670-4af1-9901-13c19bdc86ce', '88fb1acf-61b6-4b77-acb8-758692dc19e5', '9264b323-a5c6-40e4-828e-4db2dece9146', '5a8e44e6-9fcd-49e1-a0c9-45190ff86e4e', '2025-12-03 10:41:22.322282+00', 'robot_system');
INSERT INTO public.movements (id, container_id, from_slot, to_slot, "timestamp", moved_by) VALUES ('b1da53ef-8e0a-41c6-966a-dfebe2ab3f95', '88fb1acf-61b6-4b77-acb8-758692dc19e5', '5a8e44e6-9fcd-49e1-a0c9-45190ff86e4e', '9264b323-a5c6-40e4-828e-4db2dece9146', '2025-12-03 10:42:01.318051+00', 'robot_system');
INSERT INTO public.movements (id, container_id, from_slot, to_slot, "timestamp", moved_by) VALUES ('e27b86c4-ab50-4904-afec-560d1d0bbef2', '88fb1acf-61b6-4b77-acb8-758692dc19e5', '9264b323-a5c6-40e4-828e-4db2dece9146', '5a8e44e6-9fcd-49e1-a0c9-45190ff86e4e', '2025-12-03 10:44:31.908057+00', 'robot_system');
INSERT INTO public.movements (id, container_id, from_slot, to_slot, "timestamp", moved_by) VALUES ('0e4e88f1-b3f5-446e-becf-93da8e02bccb', '88fb1acf-61b6-4b77-acb8-758692dc19e5', '5a8e44e6-9fcd-49e1-a0c9-45190ff86e4e', '9264b323-a5c6-40e4-828e-4db2dece9146', '2025-12-03 10:45:55.769178+00', 'robot_system');
INSERT INTO public.movements (id, container_id, from_slot, to_slot, "timestamp", moved_by) VALUES ('b51b248e-a9d2-4719-8b44-000753f0a05d', 'b411fb2a-1f6b-4f8e-a99b-063bff998519', 'd0d65c6f-5855-4082-b168-04711f09ba28', '5a8e44e6-9fcd-49e1-a0c9-45190ff86e4e', '2025-12-03 10:47:06.698939+00', 'robot_system');
INSERT INTO public.movements (id, container_id, from_slot, to_slot, "timestamp", moved_by) VALUES ('3f650377-bb9d-45e5-b197-dc1a438cab4c', '88fb1acf-61b6-4b77-acb8-758692dc19e5', '9264b323-a5c6-40e4-828e-4db2dece9146', '08b0667f-c45c-48d7-98ef-fa64e1ef44d1', '2025-12-03 10:47:13.607151+00', 'robot_system');
INSERT INTO public.movements (id, container_id, from_slot, to_slot, "timestamp", moved_by) VALUES ('e3a51a0f-da3b-4703-b81d-751c97a97228', '88fb1acf-61b6-4b77-acb8-758692dc19e5', '08b0667f-c45c-48d7-98ef-fa64e1ef44d1', 'd0d65c6f-5855-4082-b168-04711f09ba28', '2025-12-03 11:23:58.455825+00', 'robot_system');
INSERT INTO public.movements (id, container_id, from_slot, to_slot, "timestamp", moved_by) VALUES ('7440fe47-6238-43f5-bdc6-e3a2b41677c9', 'b411fb2a-1f6b-4f8e-a99b-063bff998519', '5a8e44e6-9fcd-49e1-a0c9-45190ff86e4e', '9264b323-a5c6-40e4-828e-4db2dece9146', '2025-12-03 11:24:24.630751+00', 'robot_system');
INSERT INTO public.movements (id, container_id, from_slot, to_slot, "timestamp", moved_by) VALUES ('82874324-11f1-48cc-8607-160dbafa01ae', 'b411fb2a-1f6b-4f8e-a99b-063bff998519', '9264b323-a5c6-40e4-828e-4db2dece9146', '08b0667f-c45c-48d7-98ef-fa64e1ef44d1', '2025-12-03 11:26:35.813048+00', 'robot_system');
INSERT INTO public.movements (id, container_id, from_slot, to_slot, "timestamp", moved_by) VALUES ('2ff7cfd8-1995-468c-ad08-a06e289f5777', 'b411fb2a-1f6b-4f8e-a99b-063bff998519', '08b0667f-c45c-48d7-98ef-fa64e1ef44d1', '5a8e44e6-9fcd-49e1-a0c9-45190ff86e4e', '2025-12-03 11:29:42.915211+00', 'robot_system');
INSERT INTO public.movements (id, container_id, from_slot, to_slot, "timestamp", moved_by) VALUES ('ee409fbb-c054-4b6e-bb6f-e50a7cf8b68d', '88fb1acf-61b6-4b77-acb8-758692dc19e5', 'd0d65c6f-5855-4082-b168-04711f09ba28', '08b0667f-c45c-48d7-98ef-fa64e1ef44d1', '2025-12-03 11:30:05.931293+00', 'robot_system');
INSERT INTO public.movements (id, container_id, from_slot, to_slot, "timestamp", moved_by) VALUES ('3c9eacb5-2c09-4d0f-ae56-6f5d595e9467', 'b411fb2a-1f6b-4f8e-a99b-063bff998519', '5a8e44e6-9fcd-49e1-a0c9-45190ff86e4e', 'd0d65c6f-5855-4082-b168-04711f09ba28', '2025-12-03 11:31:06.493625+00', 'robot_system');
INSERT INTO public.movements (id, container_id, from_slot, to_slot, "timestamp", moved_by) VALUES ('463b11b2-dac4-45f6-818e-000a99bef492', 'b411fb2a-1f6b-4f8e-a99b-063bff998519', 'd0d65c6f-5855-4082-b168-04711f09ba28', '5a8e44e6-9fcd-49e1-a0c9-45190ff86e4e', '2025-12-03 11:31:24.744802+00', 'robot_system');
INSERT INTO public.movements (id, container_id, from_slot, to_slot, "timestamp", moved_by) VALUES ('82856f27-4568-491d-9b30-c86afebf3eed', 'b411fb2a-1f6b-4f8e-a99b-063bff998519', '5a8e44e6-9fcd-49e1-a0c9-45190ff86e4e', '65b5560b-17b4-4cce-a5e2-2f4bb3e202bb', '2025-12-03 11:31:50.516006+00', 'robot_system');
INSERT INTO public.movements (id, container_id, from_slot, to_slot, "timestamp", moved_by) VALUES ('77c6c778-aac1-4e61-835f-8e468dd9b39f', '88fb1acf-61b6-4b77-acb8-758692dc19e5', '08b0667f-c45c-48d7-98ef-fa64e1ef44d1', 'd0d65c6f-5855-4082-b168-04711f09ba28', '2025-12-03 11:35:05.063758+00', 'robot_system');
INSERT INTO public.movements (id, container_id, from_slot, to_slot, "timestamp", moved_by) VALUES ('d7f335a1-1073-419a-9d78-fbedd1f231c5', '88fb1acf-61b6-4b77-acb8-758692dc19e5', 'd0d65c6f-5855-4082-b168-04711f09ba28', '08b0667f-c45c-48d7-98ef-fa64e1ef44d1', '2025-12-03 11:35:28.218618+00', 'robot_system');
INSERT INTO public.movements (id, container_id, from_slot, to_slot, "timestamp", moved_by) VALUES ('c1dc83b8-5d03-4c4f-8884-cc17c25f9510', 'b411fb2a-1f6b-4f8e-a99b-063bff998519', '65b5560b-17b4-4cce-a5e2-2f4bb3e202bb', 'd0d65c6f-5855-4082-b168-04711f09ba28', '2025-12-03 11:40:21.718481+00', 'robot_system');
INSERT INTO public.movements (id, container_id, from_slot, to_slot, "timestamp", moved_by) VALUES ('b5ffd00a-456f-41a0-bf3b-ddbdc81ff7b0', 'b411fb2a-1f6b-4f8e-a99b-063bff998519', 'd0d65c6f-5855-4082-b168-04711f09ba28', '77e232f8-c719-4e63-bfd0-14bd24d03f5c', '2025-12-03 11:42:13.614687+00', 'robot_system');
INSERT INTO public.movements (id, container_id, from_slot, to_slot, "timestamp", moved_by) VALUES ('f472ecbd-07e7-4f32-8523-66e7ac88c895', 'b411fb2a-1f6b-4f8e-a99b-063bff998519', '77e232f8-c719-4e63-bfd0-14bd24d03f5c', 'd0d65c6f-5855-4082-b168-04711f09ba28', '2025-12-03 11:44:27.803642+00', 'robot_system');
INSERT INTO public.movements (id, container_id, from_slot, to_slot, "timestamp", moved_by) VALUES ('d185eb50-ee23-4253-876e-3d96dc46df75', 'b411fb2a-1f6b-4f8e-a99b-063bff998519', 'd0d65c6f-5855-4082-b168-04711f09ba28', '5a8e44e6-9fcd-49e1-a0c9-45190ff86e4e', '2025-12-03 11:47:24.007218+00', 'robot_system');
INSERT INTO public.movements (id, container_id, from_slot, to_slot, "timestamp", moved_by) VALUES ('e1714b5f-580d-4ba0-9eee-c88e8c85fc81', 'b411fb2a-1f6b-4f8e-a99b-063bff998519', '5a8e44e6-9fcd-49e1-a0c9-45190ff86e4e', 'd0d65c6f-5855-4082-b168-04711f09ba28', '2025-12-03 11:48:03.417459+00', 'robot_system');
INSERT INTO public.movements (id, container_id, from_slot, to_slot, "timestamp", moved_by) VALUES ('ee57a5b9-3475-49f5-836b-fc2d663f97e7', 'b411fb2a-1f6b-4f8e-a99b-063bff998519', 'd0d65c6f-5855-4082-b168-04711f09ba28', '5a8e44e6-9fcd-49e1-a0c9-45190ff86e4e', '2025-12-03 11:49:47.897438+00', 'robot_system');
INSERT INTO public.movements (id, container_id, from_slot, to_slot, "timestamp", moved_by) VALUES ('b03899be-8db0-4d70-a3b5-eca99cd9b79b', 'b411fb2a-1f6b-4f8e-a99b-063bff998519', '5a8e44e6-9fcd-49e1-a0c9-45190ff86e4e', 'd0d65c6f-5855-4082-b168-04711f09ba28', '2025-12-03 11:51:30.585248+00', 'robot_system');
INSERT INTO public.movements (id, container_id, from_slot, to_slot, "timestamp", moved_by) VALUES ('1d0e1fe3-49aa-4630-912a-a7760764ff30', '88fb1acf-61b6-4b77-acb8-758692dc19e5', '08b0667f-c45c-48d7-98ef-fa64e1ef44d1', '9264b323-a5c6-40e4-828e-4db2dece9146', '2025-12-03 12:01:18.863761+00', 'robot_system');
INSERT INTO public.movements (id, container_id, from_slot, to_slot, "timestamp", moved_by) VALUES ('ce3ff800-2e48-4d74-bec4-6cdf7570e617', 'b411fb2a-1f6b-4f8e-a99b-063bff998519', 'd0d65c6f-5855-4082-b168-04711f09ba28', '08b0667f-c45c-48d7-98ef-fa64e1ef44d1', '2025-12-03 12:02:00.829887+00', 'robot_system');
INSERT INTO public.movements (id, container_id, from_slot, to_slot, "timestamp", moved_by) VALUES ('24fc3a2c-6825-4383-9347-fe2a92c50192', '88fb1acf-61b6-4b77-acb8-758692dc19e5', '9264b323-a5c6-40e4-828e-4db2dece9146', '5a8e44e6-9fcd-49e1-a0c9-45190ff86e4e', '2025-12-03 12:02:33.85958+00', 'robot_system');
INSERT INTO public.movements (id, container_id, from_slot, to_slot, "timestamp", moved_by) VALUES ('5ba9da24-4060-46f5-85c7-1a204f3b226b', '88fb1acf-61b6-4b77-acb8-758692dc19e5', '5a8e44e6-9fcd-49e1-a0c9-45190ff86e4e', 'd0d65c6f-5855-4082-b168-04711f09ba28', '2025-12-03 12:03:33.944198+00', 'robot_system');
INSERT INTO public.movements (id, container_id, from_slot, to_slot, "timestamp", moved_by) VALUES ('7af7e6a8-b3f4-4ecf-be84-7376ea22ef05', 'b411fb2a-1f6b-4f8e-a99b-063bff998519', '08b0667f-c45c-48d7-98ef-fa64e1ef44d1', '5a8e44e6-9fcd-49e1-a0c9-45190ff86e4e', '2025-12-03 12:54:00.595644+00', 'robot_system');
INSERT INTO public.movements (id, container_id, from_slot, to_slot, "timestamp", moved_by) VALUES ('c30cc267-a887-40b9-a9c6-2591ad21b248', '88fb1acf-61b6-4b77-acb8-758692dc19e5', 'd0d65c6f-5855-4082-b168-04711f09ba28', '65b5560b-17b4-4cce-a5e2-2f4bb3e202bb', '2025-12-03 12:54:09.726373+00', 'robot_system');
INSERT INTO public.movements (id, container_id, from_slot, to_slot, "timestamp", moved_by) VALUES ('565c6e41-2c51-49ae-814a-4dc3ceea93ad', 'b411fb2a-1f6b-4f8e-a99b-063bff998519', '5a8e44e6-9fcd-49e1-a0c9-45190ff86e4e', 'd0d65c6f-5855-4082-b168-04711f09ba28', '2025-12-03 12:55:20.587107+00', 'robot_system');
INSERT INTO public.movements (id, container_id, from_slot, to_slot, "timestamp", moved_by) VALUES ('b10bd519-4cc4-4e41-adf2-ed5e2b864739', 'b411fb2a-1f6b-4f8e-a99b-063bff998519', 'd0d65c6f-5855-4082-b168-04711f09ba28', '5a8e44e6-9fcd-49e1-a0c9-45190ff86e4e', '2025-12-03 12:55:53.523194+00', 'robot_system');
INSERT INTO public.movements (id, container_id, from_slot, to_slot, "timestamp", moved_by) VALUES ('7b55c092-8401-4be5-848a-c953da844391', '88fb1acf-61b6-4b77-acb8-758692dc19e5', '65b5560b-17b4-4cce-a5e2-2f4bb3e202bb', 'd0d65c6f-5855-4082-b168-04711f09ba28', '2025-12-03 12:56:18.318507+00', 'robot_system');
INSERT INTO public.movements (id, container_id, from_slot, to_slot, "timestamp", moved_by) VALUES ('0baef466-0e68-438f-b17c-b4c5b8ea7be7', 'b411fb2a-1f6b-4f8e-a99b-063bff998519', '5a8e44e6-9fcd-49e1-a0c9-45190ff86e4e', '9264b323-a5c6-40e4-828e-4db2dece9146', '2025-12-03 12:57:02.064321+00', 'robot_system');
INSERT INTO public.movements (id, container_id, from_slot, to_slot, "timestamp", moved_by) VALUES ('1c47ab93-a515-4eca-adae-eab0d04e5cc0', '4350a66d-00e6-47fa-89b5-fc346f795046', '81212c3f-74a0-4885-a5f6-47ad34ecb809', '08b0667f-c45c-48d7-98ef-fa64e1ef44d1', '2025-12-03 13:02:06.452172+00', 'robot_system');
INSERT INTO public.movements (id, container_id, from_slot, to_slot, "timestamp", moved_by) VALUES ('39d47185-2964-41a4-b067-a790a48bec10', '4350a66d-00e6-47fa-89b5-fc346f795046', '08b0667f-c45c-48d7-98ef-fa64e1ef44d1', '5a8e44e6-9fcd-49e1-a0c9-45190ff86e4e', '2025-12-03 13:02:24.723522+00', 'robot_system');
INSERT INTO public.movements (id, container_id, from_slot, to_slot, "timestamp", moved_by) VALUES ('e3e7fc05-dea8-4b70-bbdf-81dcd1eb78aa', '4350a66d-00e6-47fa-89b5-fc346f795046', '5a8e44e6-9fcd-49e1-a0c9-45190ff86e4e', '81212c3f-74a0-4885-a5f6-47ad34ecb809', '2025-12-03 13:02:57.504146+00', 'robot_system');
INSERT INTO public.movements (id, container_id, from_slot, to_slot, "timestamp", moved_by) VALUES ('4a21304e-7ec1-4d44-8c33-ac28b42c1d5f', '4350a66d-00e6-47fa-89b5-fc346f795046', '81212c3f-74a0-4885-a5f6-47ad34ecb809', '5a8e44e6-9fcd-49e1-a0c9-45190ff86e4e', '2025-12-03 13:03:46.652534+00', 'robot_system');
INSERT INTO public.movements (id, container_id, from_slot, to_slot, "timestamp", moved_by) VALUES ('06b65603-bd02-42d8-89d5-f3b6a0c73978', '4350a66d-00e6-47fa-89b5-fc346f795046', '5a8e44e6-9fcd-49e1-a0c9-45190ff86e4e', '81212c3f-74a0-4885-a5f6-47ad34ecb809', '2025-12-03 13:04:57.157599+00', 'robot_system');
INSERT INTO public.movements (id, container_id, from_slot, to_slot, "timestamp", moved_by) VALUES ('7f4eb5c4-aef3-4b2f-baa4-5e3b106fcf17', 'b411fb2a-1f6b-4f8e-a99b-063bff998519', '9264b323-a5c6-40e4-828e-4db2dece9146', '08b0667f-c45c-48d7-98ef-fa64e1ef44d1', '2025-12-03 13:05:59.330348+00', 'robot_system');
INSERT INTO public.movements (id, container_id, from_slot, to_slot, "timestamp", moved_by) VALUES ('f2f34ace-9430-4ace-9f95-406e0cd36767', '88fb1acf-61b6-4b77-acb8-758692dc19e5', 'd0d65c6f-5855-4082-b168-04711f09ba28', '9264b323-a5c6-40e4-828e-4db2dece9146', '2025-12-03 13:06:29.385389+00', 'robot_system');
INSERT INTO public.movements (id, container_id, from_slot, to_slot, "timestamp", moved_by) VALUES ('1ed06030-554e-41fe-898d-3318e63ed9d1', 'b411fb2a-1f6b-4f8e-a99b-063bff998519', '08b0667f-c45c-48d7-98ef-fa64e1ef44d1', '65b5560b-17b4-4cce-a5e2-2f4bb3e202bb', '2025-12-03 13:06:41.653056+00', 'robot_system');
INSERT INTO public.movements (id, container_id, from_slot, to_slot, "timestamp", moved_by) VALUES ('478418bf-ae94-4aeb-86cb-f93a7c462f8b', 'b411fb2a-1f6b-4f8e-a99b-063bff998519', '65b5560b-17b4-4cce-a5e2-2f4bb3e202bb', 'd0d65c6f-5855-4082-b168-04711f09ba28', '2025-12-03 13:07:25.416297+00', 'robot_system');
INSERT INTO public.movements (id, container_id, from_slot, to_slot, "timestamp", moved_by) VALUES ('5ab443b7-6025-43be-9161-040a97e66a44', '88fb1acf-61b6-4b77-acb8-758692dc19e5', '9264b323-a5c6-40e4-828e-4db2dece9146', '65b5560b-17b4-4cce-a5e2-2f4bb3e202bb', '2025-12-03 13:08:39.182715+00', 'robot_system');
INSERT INTO public.movements (id, container_id, from_slot, to_slot, "timestamp", moved_by) VALUES ('371f6a5c-5f17-4c8e-9f71-6929aff78228', '88fb1acf-61b6-4b77-acb8-758692dc19e5', '65b5560b-17b4-4cce-a5e2-2f4bb3e202bb', '9264b323-a5c6-40e4-828e-4db2dece9146', '2025-12-03 13:11:04.652011+00', 'robot_system');
INSERT INTO public.movements (id, container_id, from_slot, to_slot, "timestamp", moved_by) VALUES ('e0050a1e-847d-4307-aff8-5d7314edf17f', '4350a66d-00e6-47fa-89b5-fc346f795046', '81212c3f-74a0-4885-a5f6-47ad34ecb809', '08b0667f-c45c-48d7-98ef-fa64e1ef44d1', '2025-12-03 13:12:25.387356+00', 'robot_system');
INSERT INTO public.movements (id, container_id, from_slot, to_slot, "timestamp", moved_by) VALUES ('4ac27875-f1d4-474c-a6db-7a1432f6c319', '4350a66d-00e6-47fa-89b5-fc346f795046', '08b0667f-c45c-48d7-98ef-fa64e1ef44d1', '65b5560b-17b4-4cce-a5e2-2f4bb3e202bb', '2025-12-03 13:13:14.989393+00', 'robot_system');
INSERT INTO public.movements (id, container_id, from_slot, to_slot, "timestamp", moved_by) VALUES ('c0f9d71a-37d5-463f-a723-5ded13a7c61f', '4350a66d-00e6-47fa-89b5-fc346f795046', '65b5560b-17b4-4cce-a5e2-2f4bb3e202bb', '81212c3f-74a0-4885-a5f6-47ad34ecb809', '2025-12-03 13:13:44.818913+00', 'robot_system');
INSERT INTO public.movements (id, container_id, from_slot, to_slot, "timestamp", moved_by) VALUES ('54d20e75-947b-4b08-adf4-938a8324c9ad', 'b411fb2a-1f6b-4f8e-a99b-063bff998519', 'd0d65c6f-5855-4082-b168-04711f09ba28', '08b0667f-c45c-48d7-98ef-fa64e1ef44d1', '2025-12-03 13:15:13.366196+00', 'robot_system');
INSERT INTO public.movements (id, container_id, from_slot, to_slot, "timestamp", moved_by) VALUES ('6ae8095e-1dc6-4557-a536-6790bc0997e2', 'b411fb2a-1f6b-4f8e-a99b-063bff998519', '08b0667f-c45c-48d7-98ef-fa64e1ef44d1', '77e232f8-c719-4e63-bfd0-14bd24d03f5c', '2025-12-03 13:15:58.015797+00', 'robot_system');
INSERT INTO public.movements (id, container_id, from_slot, to_slot, "timestamp", moved_by) VALUES ('0f7fa866-6b96-4e61-9adc-495270133d1d', 'b411fb2a-1f6b-4f8e-a99b-063bff998519', '77e232f8-c719-4e63-bfd0-14bd24d03f5c', '08b0667f-c45c-48d7-98ef-fa64e1ef44d1', '2025-12-03 13:16:42.691484+00', 'robot_system');
INSERT INTO public.movements (id, container_id, from_slot, to_slot, "timestamp", moved_by) VALUES ('1d05d98c-b337-4fbf-bd8a-c4e72d94d3e3', 'b411fb2a-1f6b-4f8e-a99b-063bff998519', '08b0667f-c45c-48d7-98ef-fa64e1ef44d1', '77e232f8-c719-4e63-bfd0-14bd24d03f5c', '2025-12-03 13:17:02.521538+00', 'robot_system');
INSERT INTO public.movements (id, container_id, from_slot, to_slot, "timestamp", moved_by) VALUES ('9bc257ec-8c20-4155-969f-e9bf7afeca02', 'b411fb2a-1f6b-4f8e-a99b-063bff998519', '77e232f8-c719-4e63-bfd0-14bd24d03f5c', 'd0d65c6f-5855-4082-b168-04711f09ba28', '2025-12-03 13:17:41.478928+00', 'robot_system');
INSERT INTO public.movements (id, container_id, from_slot, to_slot, "timestamp", moved_by) VALUES ('90e30529-bb1f-4bb7-9848-6bf0d20f81d0', '88fb1acf-61b6-4b77-acb8-758692dc19e5', '9264b323-a5c6-40e4-828e-4db2dece9146', '77e232f8-c719-4e63-bfd0-14bd24d03f5c', '2025-12-03 13:20:54.414736+00', 'robot_system');
INSERT INTO public.movements (id, container_id, from_slot, to_slot, "timestamp", moved_by) VALUES ('1c069398-425e-4fac-8491-3c4867c420c6', '88fb1acf-61b6-4b77-acb8-758692dc19e5', '77e232f8-c719-4e63-bfd0-14bd24d03f5c', '9264b323-a5c6-40e4-828e-4db2dece9146', '2025-12-03 13:22:03.530978+00', 'robot_system');
INSERT INTO public.movements (id, container_id, from_slot, to_slot, "timestamp", moved_by) VALUES ('5091d880-5346-485c-b44a-4d6fe055b9f8', '4350a66d-00e6-47fa-89b5-fc346f795046', '81212c3f-74a0-4885-a5f6-47ad34ecb809', '08b0667f-c45c-48d7-98ef-fa64e1ef44d1', '2025-12-03 13:23:08.186838+00', 'robot_system');
INSERT INTO public.movements (id, container_id, from_slot, to_slot, "timestamp", moved_by) VALUES ('f63aacab-d311-40fc-b555-f538e43584ae', '4350a66d-00e6-47fa-89b5-fc346f795046', '08b0667f-c45c-48d7-98ef-fa64e1ef44d1', '77e232f8-c719-4e63-bfd0-14bd24d03f5c', '2025-12-03 13:24:11.398866+00', 'robot_system');
INSERT INTO public.movements (id, container_id, from_slot, to_slot, "timestamp", moved_by) VALUES ('4d55896d-bc0e-428d-8c7a-7546b37bbbe9', '4350a66d-00e6-47fa-89b5-fc346f795046', '77e232f8-c719-4e63-bfd0-14bd24d03f5c', '08b0667f-c45c-48d7-98ef-fa64e1ef44d1', '2025-12-03 13:26:11.123748+00', 'robot_system');
INSERT INTO public.movements (id, container_id, from_slot, to_slot, "timestamp", moved_by) VALUES ('1801436e-1484-4b5b-b14f-226024c92497', '4350a66d-00e6-47fa-89b5-fc346f795046', '08b0667f-c45c-48d7-98ef-fa64e1ef44d1', '77e232f8-c719-4e63-bfd0-14bd24d03f5c', '2025-12-03 13:27:03.108507+00', 'robot_system');
INSERT INTO public.movements (id, container_id, from_slot, to_slot, "timestamp", moved_by) VALUES ('10a7b0d6-5864-4e33-b142-824e38595105', '4350a66d-00e6-47fa-89b5-fc346f795046', '77e232f8-c719-4e63-bfd0-14bd24d03f5c', '81212c3f-74a0-4885-a5f6-47ad34ecb809', '2025-12-03 13:27:31.216691+00', 'robot_system');
INSERT INTO public.movements (id, container_id, from_slot, to_slot, "timestamp", moved_by) VALUES ('c67db536-81e5-4bc3-963a-b6aa7662b7a3', '88fb1acf-61b6-4b77-acb8-758692dc19e5', '9264b323-a5c6-40e4-828e-4db2dece9146', '08b0667f-c45c-48d7-98ef-fa64e1ef44d1', '2025-12-03 13:29:21.087402+00', 'robot_system');
INSERT INTO public.movements (id, container_id, from_slot, to_slot, "timestamp", moved_by) VALUES ('48cfdf8b-ead9-4a9d-aeec-d6ccb38270a6', 'b411fb2a-1f6b-4f8e-a99b-063bff998519', 'd0d65c6f-5855-4082-b168-04711f09ba28', '5a8e44e6-9fcd-49e1-a0c9-45190ff86e4e', '2025-12-03 13:30:27.773767+00', 'robot_system');
INSERT INTO public.movements (id, container_id, from_slot, to_slot, "timestamp", moved_by) VALUES ('32be601d-a51c-4b68-a55e-76bcb1a19dcb', '4350a66d-00e6-47fa-89b5-fc346f795046', '81212c3f-74a0-4885-a5f6-47ad34ecb809', 'd0d65c6f-5855-4082-b168-04711f09ba28', '2025-12-03 13:32:33.692428+00', 'robot_system');
INSERT INTO public.movements (id, container_id, from_slot, to_slot, "timestamp", moved_by) VALUES ('7644fd98-97f9-4602-b968-2c212a98087f', '4350a66d-00e6-47fa-89b5-fc346f795046', 'd0d65c6f-5855-4082-b168-04711f09ba28', '65b5560b-17b4-4cce-a5e2-2f4bb3e202bb', '2025-12-03 13:34:24.308595+00', 'robot_system');
INSERT INTO public.movements (id, container_id, from_slot, to_slot, "timestamp", moved_by) VALUES ('730cceb7-694d-4e74-b4c5-6a00787f6430', '19b99868-4fc3-41c1-8758-6d4fc8a11059', NULL, '77e232f8-c719-4e63-bfd0-14bd24d03f5c', '2025-12-03 13:36:40.263248+00', 'robot_system');
INSERT INTO public.movements (id, container_id, from_slot, to_slot, "timestamp", moved_by) VALUES ('2c1c110d-f1fa-4457-a9f7-edbc4c8d75c9', '19b99868-4fc3-41c1-8758-6d4fc8a11059', '77e232f8-c719-4e63-bfd0-14bd24d03f5c', 'd0d65c6f-5855-4082-b168-04711f09ba28', '2025-12-03 13:37:03.647632+00', 'robot_system');
INSERT INTO public.movements (id, container_id, from_slot, to_slot, "timestamp", moved_by) VALUES ('3d993c06-0f29-4340-a0cf-fa07f1edd00a', '19b99868-4fc3-41c1-8758-6d4fc8a11059', 'd0d65c6f-5855-4082-b168-04711f09ba28', '77e232f8-c719-4e63-bfd0-14bd24d03f5c', '2025-12-03 14:35:45.779962+00', 'robot_system');
INSERT INTO public.movements (id, container_id, from_slot, to_slot, "timestamp", moved_by) VALUES ('de8ba804-30d5-401e-a16c-800b60078710', 'b411fb2a-1f6b-4f8e-a99b-063bff998519', '5a8e44e6-9fcd-49e1-a0c9-45190ff86e4e', '9264b323-a5c6-40e4-828e-4db2dece9146', '2025-12-03 14:36:17.574999+00', 'robot_system');
INSERT INTO public.movements (id, container_id, from_slot, to_slot, "timestamp", moved_by) VALUES ('7c4a42d5-8905-4146-a951-a9b3a9b3bbf4', 'b411fb2a-1f6b-4f8e-a99b-063bff998519', '9264b323-a5c6-40e4-828e-4db2dece9146', '5a8e44e6-9fcd-49e1-a0c9-45190ff86e4e', '2025-12-03 14:36:55.534672+00', 'robot_system');
INSERT INTO public.movements (id, container_id, from_slot, to_slot, "timestamp", moved_by) VALUES ('4da8869a-1764-45c3-b81e-3920e983f179', '4350a66d-00e6-47fa-89b5-fc346f795046', '65b5560b-17b4-4cce-a5e2-2f4bb3e202bb', '9264b323-a5c6-40e4-828e-4db2dece9146', '2025-12-03 14:37:23.77739+00', 'robot_system');
INSERT INTO public.movements (id, container_id, from_slot, to_slot, "timestamp", moved_by) VALUES ('2755db61-2bbd-41ad-a829-aacd59a37c22', '4350a66d-00e6-47fa-89b5-fc346f795046', '9264b323-a5c6-40e4-828e-4db2dece9146', '65b5560b-17b4-4cce-a5e2-2f4bb3e202bb', '2025-12-03 14:38:01.768195+00', 'robot_system');
INSERT INTO public.movements (id, container_id, from_slot, to_slot, "timestamp", moved_by) VALUES ('02b4d684-e85e-4e38-8971-4874ea3369b1', '19b99868-4fc3-41c1-8758-6d4fc8a11059', '77e232f8-c719-4e63-bfd0-14bd24d03f5c', '9264b323-a5c6-40e4-828e-4db2dece9146', '2025-12-03 14:38:26.321825+00', 'robot_system');
INSERT INTO public.movements (id, container_id, from_slot, to_slot, "timestamp", moved_by) VALUES ('76d24e49-791a-4322-8d36-37b56475c0e4', '19b99868-4fc3-41c1-8758-6d4fc8a11059', '9264b323-a5c6-40e4-828e-4db2dece9146', '77e232f8-c719-4e63-bfd0-14bd24d03f5c', '2025-12-03 14:38:59.53338+00', 'robot_system');
INSERT INTO public.movements (id, container_id, from_slot, to_slot, "timestamp", moved_by) VALUES ('0960b1c7-8510-4c2b-94db-cd6a8362cfbe', 'b411fb2a-1f6b-4f8e-a99b-063bff998519', '5a8e44e6-9fcd-49e1-a0c9-45190ff86e4e', '81212c3f-74a0-4885-a5f6-47ad34ecb809', '2025-12-03 14:39:34.615094+00', 'robot_system');
INSERT INTO public.movements (id, container_id, from_slot, to_slot, "timestamp", moved_by) VALUES ('7696d8a0-30d6-4e79-a10c-e4002ec9e8dc', '4350a66d-00e6-47fa-89b5-fc346f795046', '65b5560b-17b4-4cce-a5e2-2f4bb3e202bb', '5a8e44e6-9fcd-49e1-a0c9-45190ff86e4e', '2025-12-03 14:40:38.938938+00', 'robot_system');
INSERT INTO public.movements (id, container_id, from_slot, to_slot, "timestamp", moved_by) VALUES ('b5dfc618-0574-45f4-8ebb-88882279a5ec', '4350a66d-00e6-47fa-89b5-fc346f795046', '5a8e44e6-9fcd-49e1-a0c9-45190ff86e4e', '65b5560b-17b4-4cce-a5e2-2f4bb3e202bb', '2025-12-03 14:40:53.037739+00', 'robot_system');
INSERT INTO public.movements (id, container_id, from_slot, to_slot, "timestamp", moved_by) VALUES ('ab4fa9eb-abb4-4c73-8b72-c49a887a2c78', 'b411fb2a-1f6b-4f8e-a99b-063bff998519', '81212c3f-74a0-4885-a5f6-47ad34ecb809', '5a8e44e6-9fcd-49e1-a0c9-45190ff86e4e', '2025-12-03 14:41:26.22081+00', 'robot_system');
INSERT INTO public.movements (id, container_id, from_slot, to_slot, "timestamp", moved_by) VALUES ('26a699fd-01dd-4860-b143-f5d4876eaafc', '4350a66d-00e6-47fa-89b5-fc346f795046', '65b5560b-17b4-4cce-a5e2-2f4bb3e202bb', '81212c3f-74a0-4885-a5f6-47ad34ecb809', '2025-12-03 14:42:39.437909+00', 'robot_system');
INSERT INTO public.movements (id, container_id, from_slot, to_slot, "timestamp", moved_by) VALUES ('42e20349-8eb0-428e-ae1a-02ac0b7ba8c1', '4350a66d-00e6-47fa-89b5-fc346f795046', '81212c3f-74a0-4885-a5f6-47ad34ecb809', '65b5560b-17b4-4cce-a5e2-2f4bb3e202bb', '2025-12-03 14:43:14.716414+00', 'robot_system');
INSERT INTO public.movements (id, container_id, from_slot, to_slot, "timestamp", moved_by) VALUES ('a73eb016-ea2d-418f-b1e2-7204244e2a3b', '19b99868-4fc3-41c1-8758-6d4fc8a11059', '77e232f8-c719-4e63-bfd0-14bd24d03f5c', '81212c3f-74a0-4885-a5f6-47ad34ecb809', '2025-12-03 14:44:47.623361+00', 'robot_system');
INSERT INTO public.movements (id, container_id, from_slot, to_slot, "timestamp", moved_by) VALUES ('dbcbbedb-a11c-46a9-b781-55032d5ca15a', '19b99868-4fc3-41c1-8758-6d4fc8a11059', '81212c3f-74a0-4885-a5f6-47ad34ecb809', '77e232f8-c719-4e63-bfd0-14bd24d03f5c', '2025-12-03 14:45:20.630044+00', 'robot_system');
INSERT INTO public.movements (id, container_id, from_slot, to_slot, "timestamp", moved_by) VALUES ('4813b561-9317-44e8-b8e2-de64513468eb', 'b411fb2a-1f6b-4f8e-a99b-063bff998519', '5a8e44e6-9fcd-49e1-a0c9-45190ff86e4e', '7df969fb-9f96-479f-acdb-3aacd70724bc', '2025-12-03 15:09:05.041188+00', 'robot_system');
INSERT INTO public.movements (id, container_id, from_slot, to_slot, "timestamp", moved_by) VALUES ('fce204d8-153e-4bf7-8faa-74e2885ecb6f', '88fb1acf-61b6-4b77-acb8-758692dc19e5', '08b0667f-c45c-48d7-98ef-fa64e1ef44d1', '89552f9a-3682-4a12-ba60-90d6b46a0238', '2025-12-03 15:09:13.246156+00', 'robot_system');
INSERT INTO public.movements (id, container_id, from_slot, to_slot, "timestamp", moved_by) VALUES ('bf87439b-4ec1-4ade-8f40-dd53ba9c1a93', '4350a66d-00e6-47fa-89b5-fc346f795046', '65b5560b-17b4-4cce-a5e2-2f4bb3e202bb', '5d8d460f-02f2-4504-9f80-9b74d64f30fc', '2025-12-03 15:09:22.300944+00', 'robot_system');
INSERT INTO public.movements (id, container_id, from_slot, to_slot, "timestamp", moved_by) VALUES ('f69db1f7-ace0-47b1-bc87-5f0503b3d5f9', 'b411fb2a-1f6b-4f8e-a99b-063bff998519', '7df969fb-9f96-479f-acdb-3aacd70724bc', 'd0d65c6f-5855-4082-b168-04711f09ba28', '2025-12-03 15:10:57.690343+00', 'robot_system');
INSERT INTO public.movements (id, container_id, from_slot, to_slot, "timestamp", moved_by) VALUES ('b9348c2a-dc3b-4887-9280-e55ca9543abc', 'b411fb2a-1f6b-4f8e-a99b-063bff998519', 'd0d65c6f-5855-4082-b168-04711f09ba28', '7df969fb-9f96-479f-acdb-3aacd70724bc', '2025-12-03 15:11:23.364389+00', 'robot_system');
INSERT INTO public.movements (id, container_id, from_slot, to_slot, "timestamp", moved_by) VALUES ('2811c596-63af-4f1d-9b8e-425aa871fda9', 'b411fb2a-1f6b-4f8e-a99b-063bff998519', '7df969fb-9f96-479f-acdb-3aacd70724bc', 'd0d65c6f-5855-4082-b168-04711f09ba28', '2025-12-03 15:16:46.810808+00', 'robot_system');
INSERT INTO public.movements (id, container_id, from_slot, to_slot, "timestamp", moved_by) VALUES ('6cd9197e-6c50-46f7-affb-7f15e2df7189', '88fb1acf-61b6-4b77-acb8-758692dc19e5', '89552f9a-3682-4a12-ba60-90d6b46a0238', '9264b323-a5c6-40e4-828e-4db2dece9146', '2025-12-03 15:17:41.506826+00', 'robot_system');
INSERT INTO public.movements (id, container_id, from_slot, to_slot, "timestamp", moved_by) VALUES ('db5fc0f9-7157-4cf0-b1de-3da79578e128', '4350a66d-00e6-47fa-89b5-fc346f795046', '5d8d460f-02f2-4504-9f80-9b74d64f30fc', '81212c3f-74a0-4885-a5f6-47ad34ecb809', '2025-12-03 15:18:41.201135+00', 'robot_system');
INSERT INTO public.movements (id, container_id, from_slot, to_slot, "timestamp", moved_by) VALUES ('04ce12bb-ee6c-4f79-a88e-db829974e041', 'b411fb2a-1f6b-4f8e-a99b-063bff998519', 'd0d65c6f-5855-4082-b168-04711f09ba28', '7df969fb-9f96-479f-acdb-3aacd70724bc', '2025-12-03 15:22:19.637306+00', 'robot_system');
INSERT INTO public.movements (id, container_id, from_slot, to_slot, "timestamp", moved_by) VALUES ('51d92c37-58cb-4e94-84b8-1393a075eb50', 'b411fb2a-1f6b-4f8e-a99b-063bff998519', '7df969fb-9f96-479f-acdb-3aacd70724bc', 'd0d65c6f-5855-4082-b168-04711f09ba28', '2025-12-03 15:22:51.49907+00', 'robot_system');
INSERT INTO public.movements (id, container_id, from_slot, to_slot, "timestamp", moved_by) VALUES ('2b4c03ae-dd5d-4288-9637-a2834188d0a8', 'b411fb2a-1f6b-4f8e-a99b-063bff998519', 'd0d65c6f-5855-4082-b168-04711f09ba28', '7df969fb-9f96-479f-acdb-3aacd70724bc', '2025-12-03 15:24:30.228334+00', 'robot_system');
INSERT INTO public.movements (id, container_id, from_slot, to_slot, "timestamp", moved_by) VALUES ('a13cec04-7224-4590-a3e9-99eaa9c4aae5', '88fb1acf-61b6-4b77-acb8-758692dc19e5', '9264b323-a5c6-40e4-828e-4db2dece9146', '89552f9a-3682-4a12-ba60-90d6b46a0238', '2025-12-03 15:25:26.988235+00', 'robot_system');
INSERT INTO public.movements (id, container_id, from_slot, to_slot, "timestamp", moved_by) VALUES ('bfcade61-a8d5-4a96-867e-99373d01a536', '4350a66d-00e6-47fa-89b5-fc346f795046', '81212c3f-74a0-4885-a5f6-47ad34ecb809', '5d8d460f-02f2-4504-9f80-9b74d64f30fc', '2025-12-03 15:26:21.368893+00', 'robot_system');
INSERT INTO public.movements (id, container_id, from_slot, to_slot, "timestamp", moved_by) VALUES ('622e8077-3150-431f-927e-7eca452db26f', '4350a66d-00e6-47fa-89b5-fc346f795046', '5d8d460f-02f2-4504-9f80-9b74d64f30fc', 'd0d65c6f-5855-4082-b168-04711f09ba28', '2025-12-03 15:27:59.103093+00', 'robot_system');
INSERT INTO public.movements (id, container_id, from_slot, to_slot, "timestamp", moved_by) VALUES ('b02186f5-b432-409e-885d-75047f68109b', '88fb1acf-61b6-4b77-acb8-758692dc19e5', '89552f9a-3682-4a12-ba60-90d6b46a0238', '9264b323-a5c6-40e4-828e-4db2dece9146', '2025-12-03 15:28:54.301937+00', 'robot_system');
INSERT INTO public.movements (id, container_id, from_slot, to_slot, "timestamp", moved_by) VALUES ('9b50b1a0-2015-46c7-b033-ae25a2b5f366', 'b411fb2a-1f6b-4f8e-a99b-063bff998519', '7df969fb-9f96-479f-acdb-3aacd70724bc', '81212c3f-74a0-4885-a5f6-47ad34ecb809', '2025-12-03 15:30:51.045057+00', 'robot_system');
INSERT INTO public.movements (id, container_id, from_slot, to_slot, "timestamp", moved_by) VALUES ('27cb2ed4-348e-419f-9648-527cd9540854', 'b411fb2a-1f6b-4f8e-a99b-063bff998519', '81212c3f-74a0-4885-a5f6-47ad34ecb809', '89552f9a-3682-4a12-ba60-90d6b46a0238', '2025-12-03 15:34:39.841311+00', 'robot_system');
INSERT INTO public.movements (id, container_id, from_slot, to_slot, "timestamp", moved_by) VALUES ('4248fc0d-2ade-4cb8-a50c-646fdb6b681f', '4350a66d-00e6-47fa-89b5-fc346f795046', 'd0d65c6f-5855-4082-b168-04711f09ba28', '5d8d460f-02f2-4504-9f80-9b74d64f30fc', '2025-12-03 15:44:16.442913+00', 'robot_system');
INSERT INTO public.movements (id, container_id, from_slot, to_slot, "timestamp", moved_by) VALUES ('e8d7df09-f904-494b-85fb-fc950951450e', '88fb1acf-61b6-4b77-acb8-758692dc19e5', '9264b323-a5c6-40e4-828e-4db2dece9146', '7df969fb-9f96-479f-acdb-3aacd70724bc', '2025-12-03 15:45:12.419263+00', 'robot_system');
INSERT INTO public.movements (id, container_id, from_slot, to_slot, "timestamp", moved_by) VALUES ('30378215-dd10-41ff-9f51-04d2194f24f1', 'b411fb2a-1f6b-4f8e-a99b-063bff998519', '89552f9a-3682-4a12-ba60-90d6b46a0238', 'd0d65c6f-5855-4082-b168-04711f09ba28', '2025-12-03 15:51:17.449915+00', 'robot_system');
INSERT INTO public.movements (id, container_id, from_slot, to_slot, "timestamp", moved_by) VALUES ('8c003b43-57f7-41c6-a9c5-fccc26b954e4', '4350a66d-00e6-47fa-89b5-fc346f795046', '5d8d460f-02f2-4504-9f80-9b74d64f30fc', '9264b323-a5c6-40e4-828e-4db2dece9146', '2025-12-03 15:52:07.509648+00', 'robot_system');
INSERT INTO public.movements (id, container_id, from_slot, to_slot, "timestamp", moved_by) VALUES ('559a3aa1-8ef0-4e78-a062-1d717dad61b1', 'b411fb2a-1f6b-4f8e-a99b-063bff998519', 'd0d65c6f-5855-4082-b168-04711f09ba28', '81212c3f-74a0-4885-a5f6-47ad34ecb809', '2025-12-03 15:53:20.531632+00', 'robot_system');
INSERT INTO public.movements (id, container_id, from_slot, to_slot, "timestamp", moved_by) VALUES ('47c0df06-e337-4566-b506-f6af1589be75', 'b411fb2a-1f6b-4f8e-a99b-063bff998519', '81212c3f-74a0-4885-a5f6-47ad34ecb809', 'd0d65c6f-5855-4082-b168-04711f09ba28', '2025-12-03 15:53:52.06251+00', 'robot_system');
INSERT INTO public.movements (id, container_id, from_slot, to_slot, "timestamp", moved_by) VALUES ('42a0beff-a14a-4561-a932-ba6c7293055e', '88fb1acf-61b6-4b77-acb8-758692dc19e5', '7df969fb-9f96-479f-acdb-3aacd70724bc', '81212c3f-74a0-4885-a5f6-47ad34ecb809', '2025-12-03 15:55:53.313869+00', 'robot_system');
INSERT INTO public.movements (id, container_id, from_slot, to_slot, "timestamp", moved_by) VALUES ('2cea6c29-e105-4195-a317-6a5c67b8fdf6', 'b411fb2a-1f6b-4f8e-a99b-063bff998519', 'd0d65c6f-5855-4082-b168-04711f09ba28', '89552f9a-3682-4a12-ba60-90d6b46a0238', '2025-12-03 15:57:39.109955+00', 'robot_system');
INSERT INTO public.movements (id, container_id, from_slot, to_slot, "timestamp", moved_by) VALUES ('3f8cc318-be28-4ba0-a9ca-6cadb9ec8bdb', '4350a66d-00e6-47fa-89b5-fc346f795046', '9264b323-a5c6-40e4-828e-4db2dece9146', '5d8d460f-02f2-4504-9f80-9b74d64f30fc', '2025-12-03 15:58:42.97965+00', 'robot_system');
INSERT INTO public.movements (id, container_id, from_slot, to_slot, "timestamp", moved_by) VALUES ('8d23c5ef-1658-41ea-b20f-80e72ef2f73e', '4350a66d-00e6-47fa-89b5-fc346f795046', '5d8d460f-02f2-4504-9f80-9b74d64f30fc', '9264b323-a5c6-40e4-828e-4db2dece9146', '2025-12-03 16:00:44.992534+00', 'robot_system');
INSERT INTO public.movements (id, container_id, from_slot, to_slot, "timestamp", moved_by) VALUES ('1773f752-5658-44ea-87c4-47fb43bc8931', '4350a66d-00e6-47fa-89b5-fc346f795046', '9264b323-a5c6-40e4-828e-4db2dece9146', '5d8d460f-02f2-4504-9f80-9b74d64f30fc', '2025-12-03 16:02:34.026719+00', 'robot_system');
INSERT INTO public.movements (id, container_id, from_slot, to_slot, "timestamp", moved_by) VALUES ('87af51b3-6d78-4af1-b9ac-88fb3e840ae2', '88fb1acf-61b6-4b77-acb8-758692dc19e5', '81212c3f-74a0-4885-a5f6-47ad34ecb809', '7df969fb-9f96-479f-acdb-3aacd70724bc', '2025-12-03 16:03:38.519881+00', 'robot_system');
INSERT INTO public.movements (id, container_id, from_slot, to_slot, "timestamp", moved_by) VALUES ('c3ead786-ca2d-4915-85d1-f3662a5ef538', '88fb1acf-61b6-4b77-acb8-758692dc19e5', '7df969fb-9f96-479f-acdb-3aacd70724bc', '81212c3f-74a0-4885-a5f6-47ad34ecb809', '2025-12-03 16:05:44.248292+00', 'robot_system');
INSERT INTO public.movements (id, container_id, from_slot, to_slot, "timestamp", moved_by) VALUES ('de5b7cdc-fa3f-4ee5-9523-d6da58670f63', '88fb1acf-61b6-4b77-acb8-758692dc19e5', '81212c3f-74a0-4885-a5f6-47ad34ecb809', '7df969fb-9f96-479f-acdb-3aacd70724bc', '2025-12-03 16:07:06.287698+00', 'robot_system');
INSERT INTO public.movements (id, container_id, from_slot, to_slot, "timestamp", moved_by) VALUES ('34db6aab-5f51-4610-8a70-be09f3a88325', '88fb1acf-61b6-4b77-acb8-758692dc19e5', '7df969fb-9f96-479f-acdb-3aacd70724bc', '81212c3f-74a0-4885-a5f6-47ad34ecb809', '2025-12-03 16:07:17.513336+00', 'robot_system');
INSERT INTO public.movements (id, container_id, from_slot, to_slot, "timestamp", moved_by) VALUES ('75dbda94-95ee-41c5-970f-57fcd885f79b', '88fb1acf-61b6-4b77-acb8-758692dc19e5', '81212c3f-74a0-4885-a5f6-47ad34ecb809', '7df969fb-9f96-479f-acdb-3aacd70724bc', '2025-12-03 16:08:08.200484+00', 'robot_system');
INSERT INTO public.movements (id, container_id, from_slot, to_slot, "timestamp", moved_by) VALUES ('c5d83870-0822-45a7-8807-7944a2312365', '88fb1acf-61b6-4b77-acb8-758692dc19e5', '7df969fb-9f96-479f-acdb-3aacd70724bc', '81212c3f-74a0-4885-a5f6-47ad34ecb809', '2025-12-03 16:08:17.567314+00', 'robot_system');
INSERT INTO public.movements (id, container_id, from_slot, to_slot, "timestamp", moved_by) VALUES ('837ea034-a32c-439f-a4e5-9901992713ec', '88fb1acf-61b6-4b77-acb8-758692dc19e5', '81212c3f-74a0-4885-a5f6-47ad34ecb809', '7df969fb-9f96-479f-acdb-3aacd70724bc', '2025-12-03 16:10:36.012369+00', 'robot_system');
INSERT INTO public.movements (id, container_id, from_slot, to_slot, "timestamp", moved_by) VALUES ('09ede6e7-0bdf-4ff5-8026-4c3287070946', '4350a66d-00e6-47fa-89b5-fc346f795046', '5d8d460f-02f2-4504-9f80-9b74d64f30fc', 'd0d65c6f-5855-4082-b168-04711f09ba28', '2025-12-03 16:13:27.126449+00', 'robot_system');
INSERT INTO public.movements (id, container_id, from_slot, to_slot, "timestamp", moved_by) VALUES ('20dc4f43-62f3-4354-8e60-d27fdd3e6f20', 'b411fb2a-1f6b-4f8e-a99b-063bff998519', '89552f9a-3682-4a12-ba60-90d6b46a0238', '9264b323-a5c6-40e4-828e-4db2dece9146', '2025-12-03 16:14:26.201324+00', 'robot_system');
INSERT INTO public.movements (id, container_id, from_slot, to_slot, "timestamp", moved_by) VALUES ('78432a2c-2029-43ec-a9df-084d48c3149d', 'b411fb2a-1f6b-4f8e-a99b-063bff998519', '9264b323-a5c6-40e4-828e-4db2dece9146', '89552f9a-3682-4a12-ba60-90d6b46a0238', '2025-12-03 16:14:54.972804+00', 'robot_system');
INSERT INTO public.movements (id, container_id, from_slot, to_slot, "timestamp", moved_by) VALUES ('3fe7db99-878b-49ca-84a1-2e35cb7ca9e4', '88fb1acf-61b6-4b77-acb8-758692dc19e5', '7df969fb-9f96-479f-acdb-3aacd70724bc', '9264b323-a5c6-40e4-828e-4db2dece9146', '2025-12-03 16:17:14.556795+00', 'robot_system');
INSERT INTO public.movements (id, container_id, from_slot, to_slot, "timestamp", moved_by) VALUES ('4510354f-832d-4555-990a-1509716b3581', '88fb1acf-61b6-4b77-acb8-758692dc19e5', '9264b323-a5c6-40e4-828e-4db2dece9146', '7df969fb-9f96-479f-acdb-3aacd70724bc', '2025-12-03 16:20:08.74118+00', 'robot_system');
INSERT INTO public.movements (id, container_id, from_slot, to_slot, "timestamp", moved_by) VALUES ('a672dcc5-bea8-4920-9c6b-a87143df0077', '88fb1acf-61b6-4b77-acb8-758692dc19e5', '7df969fb-9f96-479f-acdb-3aacd70724bc', '9264b323-a5c6-40e4-828e-4db2dece9146', '2025-12-03 16:21:50.416212+00', 'robot_system');
INSERT INTO public.movements (id, container_id, from_slot, to_slot, "timestamp", moved_by) VALUES ('4d2b3ccf-e59a-476e-a13b-6b0268f16a51', '88fb1acf-61b6-4b77-acb8-758692dc19e5', '9264b323-a5c6-40e4-828e-4db2dece9146', '7df969fb-9f96-479f-acdb-3aacd70724bc', '2025-12-03 16:22:18.150255+00', 'robot_system');
INSERT INTO public.movements (id, container_id, from_slot, to_slot, "timestamp", moved_by) VALUES ('bc5664c2-573d-4786-a4f9-7ca28d139a4d', '88fb1acf-61b6-4b77-acb8-758692dc19e5', '7df969fb-9f96-479f-acdb-3aacd70724bc', '9264b323-a5c6-40e4-828e-4db2dece9146', '2025-12-03 16:23:19.723591+00', 'robot_system');
INSERT INTO public.movements (id, container_id, from_slot, to_slot, "timestamp", moved_by) VALUES ('2ab6b4f9-92c0-4952-9cd4-c58a15ff7733', 'b411fb2a-1f6b-4f8e-a99b-063bff998519', '89552f9a-3682-4a12-ba60-90d6b46a0238', '81212c3f-74a0-4885-a5f6-47ad34ecb809', '2025-12-03 16:24:53.06401+00', 'robot_system');
INSERT INTO public.movements (id, container_id, from_slot, to_slot, "timestamp", moved_by) VALUES ('5395b7ab-3d49-49d5-a3e9-2968d3815c7f', 'b411fb2a-1f6b-4f8e-a99b-063bff998519', '81212c3f-74a0-4885-a5f6-47ad34ecb809', '08b0667f-c45c-48d7-98ef-fa64e1ef44d1', '2025-12-03 17:10:36.289164+00', 'robot_system');
INSERT INTO public.movements (id, container_id, from_slot, to_slot, "timestamp", moved_by) VALUES ('a38188cc-8444-47e4-b763-e08a9a5911ff', '4350a66d-00e6-47fa-89b5-fc346f795046', 'd0d65c6f-5855-4082-b168-04711f09ba28', '5a8e44e6-9fcd-49e1-a0c9-45190ff86e4e', '2025-12-03 17:10:43.397629+00', 'robot_system');
INSERT INTO public.movements (id, container_id, from_slot, to_slot, "timestamp", moved_by) VALUES ('ff410cce-9383-48e5-a8b4-96adfedbab2e', 'b411fb2a-1f6b-4f8e-a99b-063bff998519', '08b0667f-c45c-48d7-98ef-fa64e1ef44d1', 'd0d65c6f-5855-4082-b168-04711f09ba28', '2025-12-03 17:32:57.397175+00', 'robot_system');
INSERT INTO public.movements (id, container_id, from_slot, to_slot, "timestamp", moved_by) VALUES ('d94ded64-e415-4ead-a2dc-1fcd2f870aef', 'b411fb2a-1f6b-4f8e-a99b-063bff998519', 'd0d65c6f-5855-4082-b168-04711f09ba28', '9264b323-a5c6-40e4-828e-4db2dece9146', '2025-12-03 17:33:31.371803+00', 'robot_system');
INSERT INTO public.movements (id, container_id, from_slot, to_slot, "timestamp", moved_by) VALUES ('86a568da-a2fd-4bcd-ae69-fd5b3693aad5', 'b411fb2a-1f6b-4f8e-a99b-063bff998519', '9264b323-a5c6-40e4-828e-4db2dece9146', '08b0667f-c45c-48d7-98ef-fa64e1ef44d1', '2025-12-03 17:33:44.819904+00', 'robot_system');
INSERT INTO public.movements (id, container_id, from_slot, to_slot, "timestamp", moved_by) VALUES ('76459cde-9646-4c23-ab14-c6b35c922fc2', 'b411fb2a-1f6b-4f8e-a99b-063bff998519', '08b0667f-c45c-48d7-98ef-fa64e1ef44d1', 'd0d65c6f-5855-4082-b168-04711f09ba28', '2025-12-03 17:37:00.51663+00', 'robot_system');
INSERT INTO public.movements (id, container_id, from_slot, to_slot, "timestamp", moved_by) VALUES ('a366ef33-0f06-41b5-9352-6ee4eb4a52e0', 'b411fb2a-1f6b-4f8e-a99b-063bff998519', 'd0d65c6f-5855-4082-b168-04711f09ba28', '9264b323-a5c6-40e4-828e-4db2dece9146', '2025-12-03 17:37:32.404197+00', 'robot_system');
INSERT INTO public.movements (id, container_id, from_slot, to_slot, "timestamp", moved_by) VALUES ('b60a89b4-4bf8-41e3-b97d-dcebf4e62216', 'b411fb2a-1f6b-4f8e-a99b-063bff998519', '9264b323-a5c6-40e4-828e-4db2dece9146', 'd0d65c6f-5855-4082-b168-04711f09ba28', '2025-12-03 17:37:56.234439+00', 'robot_system');
INSERT INTO public.movements (id, container_id, from_slot, to_slot, "timestamp", moved_by) VALUES ('ae06bcab-673f-441d-9ef2-e62c63bc5dd1', 'b411fb2a-1f6b-4f8e-a99b-063bff998519', 'd0d65c6f-5855-4082-b168-04711f09ba28', '08b0667f-c45c-48d7-98ef-fa64e1ef44d1', '2025-12-03 17:39:37.586689+00', 'robot_system');
INSERT INTO public.movements (id, container_id, from_slot, to_slot, "timestamp", moved_by) VALUES ('8e0eb00d-96ba-4ea6-9687-92f7c378edce', 'b411fb2a-1f6b-4f8e-a99b-063bff998519', '08b0667f-c45c-48d7-98ef-fa64e1ef44d1', 'd0d65c6f-5855-4082-b168-04711f09ba28', '2025-12-03 17:43:12.222763+00', 'robot_system');
INSERT INTO public.movements (id, container_id, from_slot, to_slot, "timestamp", moved_by) VALUES ('7849b56a-111c-4580-8e62-d390934c0095', '4350a66d-00e6-47fa-89b5-fc346f795046', '5a8e44e6-9fcd-49e1-a0c9-45190ff86e4e', '9264b323-a5c6-40e4-828e-4db2dece9146', '2025-12-03 17:43:37.967147+00', 'robot_system');
INSERT INTO public.movements (id, container_id, from_slot, to_slot, "timestamp", moved_by) VALUES ('ef79e9a3-41af-42d5-80ea-a1dc1960553c', '19b99868-4fc3-41c1-8758-6d4fc8a11059', '77e232f8-c719-4e63-bfd0-14bd24d03f5c', '81212c3f-74a0-4885-a5f6-47ad34ecb809', '2025-12-03 17:44:17.511672+00', 'robot_system');
INSERT INTO public.movements (id, container_id, from_slot, to_slot, "timestamp", moved_by) VALUES ('f94fd01e-ea35-4cd2-9ecf-b5d568f976b3', 'b411fb2a-1f6b-4f8e-a99b-063bff998519', 'd0d65c6f-5855-4082-b168-04711f09ba28', '7df969fb-9f96-479f-acdb-3aacd70724bc', '2025-12-03 17:45:37.248518+00', 'robot_system');
INSERT INTO public.movements (id, container_id, from_slot, to_slot, "timestamp", moved_by) VALUES ('b2ffefd1-3704-4012-871d-779c73718179', '88fb1acf-61b6-4b77-acb8-758692dc19e5', '9264b323-a5c6-40e4-828e-4db2dece9146', '89552f9a-3682-4a12-ba60-90d6b46a0238', '2025-12-03 17:46:09.594507+00', 'robot_system');
INSERT INTO public.movements (id, container_id, from_slot, to_slot, "timestamp", moved_by) VALUES ('cc49a811-ba80-453c-9362-5bffec304a90', '4350a66d-00e6-47fa-89b5-fc346f795046', '9264b323-a5c6-40e4-828e-4db2dece9146', '5d8d460f-02f2-4504-9f80-9b74d64f30fc', '2025-12-03 17:46:40.004953+00', 'robot_system');
INSERT INTO public.movements (id, container_id, from_slot, to_slot, "timestamp", moved_by) VALUES ('6d27039b-8942-44ab-9fbe-41563964e495', 'b411fb2a-1f6b-4f8e-a99b-063bff998519', '7df969fb-9f96-479f-acdb-3aacd70724bc', '08b0667f-c45c-48d7-98ef-fa64e1ef44d1', '2025-12-03 17:50:38.556144+00', 'robot_system');
INSERT INTO public.movements (id, container_id, from_slot, to_slot, "timestamp", moved_by) VALUES ('feb609c5-75f6-444c-9e3b-6cec4d819d87', '4350a66d-00e6-47fa-89b5-fc346f795046', '5d8d460f-02f2-4504-9f80-9b74d64f30fc', '5a8e44e6-9fcd-49e1-a0c9-45190ff86e4e', '2025-12-03 17:50:46.583872+00', 'robot_system');
INSERT INTO public.movements (id, container_id, from_slot, to_slot, "timestamp", moved_by) VALUES ('914c7f61-0d69-4144-9cb5-64a91f1a49d5', '19b99868-4fc3-41c1-8758-6d4fc8a11059', '81212c3f-74a0-4885-a5f6-47ad34ecb809', '77e232f8-c719-4e63-bfd0-14bd24d03f5c', '2025-12-03 17:50:59.189524+00', 'robot_system');
INSERT INTO public.movements (id, container_id, from_slot, to_slot, "timestamp", moved_by) VALUES ('7cf53694-043f-456b-bc8d-68a3d8ed3f5c', 'b411fb2a-1f6b-4f8e-a99b-063bff998519', '08b0667f-c45c-48d7-98ef-fa64e1ef44d1', 'd0d65c6f-5855-4082-b168-04711f09ba28', '2025-12-03 17:52:52.610738+00', 'robot_system');
INSERT INTO public.movements (id, container_id, from_slot, to_slot, "timestamp", moved_by) VALUES ('7ff4e3a5-eaf5-44a3-b4e7-2c4458ab90b3', '4350a66d-00e6-47fa-89b5-fc346f795046', '5a8e44e6-9fcd-49e1-a0c9-45190ff86e4e', '9264b323-a5c6-40e4-828e-4db2dece9146', '2025-12-03 17:53:18.95295+00', 'robot_system');
INSERT INTO public.movements (id, container_id, from_slot, to_slot, "timestamp", moved_by) VALUES ('333315ea-6840-4965-8391-67c184b62fcd', '19b99868-4fc3-41c1-8758-6d4fc8a11059', '77e232f8-c719-4e63-bfd0-14bd24d03f5c', '81212c3f-74a0-4885-a5f6-47ad34ecb809', '2025-12-03 17:53:41.306592+00', 'robot_system');
INSERT INTO public.movements (id, container_id, from_slot, to_slot, "timestamp", moved_by) VALUES ('1b07a311-713b-4482-ba6c-2447a0c12d42', 'b411fb2a-1f6b-4f8e-a99b-063bff998519', 'd0d65c6f-5855-4082-b168-04711f09ba28', '7df969fb-9f96-479f-acdb-3aacd70724bc', '2025-12-03 17:55:04.947872+00', 'robot_system');
INSERT INTO public.movements (id, container_id, from_slot, to_slot, "timestamp", moved_by) VALUES ('84167d80-2460-4d33-90e8-3f8f50005ebd', '4350a66d-00e6-47fa-89b5-fc346f795046', '9264b323-a5c6-40e4-828e-4db2dece9146', '89552f9a-3682-4a12-ba60-90d6b46a0238', '2025-12-03 17:56:22.81643+00', 'robot_system');
INSERT INTO public.movements (id, container_id, from_slot, to_slot, "timestamp", moved_by) VALUES ('b79ce0a5-54c5-4a87-8be8-aac1affc2502', '19b99868-4fc3-41c1-8758-6d4fc8a11059', '81212c3f-74a0-4885-a5f6-47ad34ecb809', '5d8d460f-02f2-4504-9f80-9b74d64f30fc', '2025-12-03 17:56:42.316075+00', 'robot_system');
INSERT INTO public.movements (id, container_id, from_slot, to_slot, "timestamp", moved_by) VALUES ('59d1ebe7-e329-4047-ae5a-5df47e646e9a', 'b411fb2a-1f6b-4f8e-a99b-063bff998519', '7df969fb-9f96-479f-acdb-3aacd70724bc', '08b0667f-c45c-48d7-98ef-fa64e1ef44d1', '2025-12-03 17:58:44.020379+00', 'robot_system');
INSERT INTO public.movements (id, container_id, from_slot, to_slot, "timestamp", moved_by) VALUES ('4e5439df-7d62-45f2-a456-fff09b717377', '4350a66d-00e6-47fa-89b5-fc346f795046', '89552f9a-3682-4a12-ba60-90d6b46a0238', '5a8e44e6-9fcd-49e1-a0c9-45190ff86e4e', '2025-12-03 17:58:50.374266+00', 'robot_system');
INSERT INTO public.movements (id, container_id, from_slot, to_slot, "timestamp", moved_by) VALUES ('b4e80f27-dcf3-4f2b-bc89-12a683acda74', '19b99868-4fc3-41c1-8758-6d4fc8a11059', '5d8d460f-02f2-4504-9f80-9b74d64f30fc', '77e232f8-c719-4e63-bfd0-14bd24d03f5c', '2025-12-03 17:58:59.151345+00', 'robot_system');
INSERT INTO public.movements (id, container_id, from_slot, to_slot, "timestamp", moved_by) VALUES ('39bfc5f2-89ed-49e9-9261-00fbcc44d72c', 'b411fb2a-1f6b-4f8e-a99b-063bff998519', '08b0667f-c45c-48d7-98ef-fa64e1ef44d1', 'd0d65c6f-5855-4082-b168-04711f09ba28', '2025-12-03 18:01:00.217809+00', 'robot_system');
INSERT INTO public.movements (id, container_id, from_slot, to_slot, "timestamp", moved_by) VALUES ('a52abc90-7461-44aa-b30d-cb096ba9cad6', '4350a66d-00e6-47fa-89b5-fc346f795046', '5a8e44e6-9fcd-49e1-a0c9-45190ff86e4e', '9264b323-a5c6-40e4-828e-4db2dece9146', '2025-12-03 18:01:24.257796+00', 'robot_system');
INSERT INTO public.movements (id, container_id, from_slot, to_slot, "timestamp", moved_by) VALUES ('ee5e0c2c-4831-4e06-9db4-682e54a7f58c', '19b99868-4fc3-41c1-8758-6d4fc8a11059', '77e232f8-c719-4e63-bfd0-14bd24d03f5c', '81212c3f-74a0-4885-a5f6-47ad34ecb809', '2025-12-03 18:01:46.319085+00', 'robot_system');
INSERT INTO public.movements (id, container_id, from_slot, to_slot, "timestamp", moved_by) VALUES ('e77b8d4c-c715-40fe-829a-4862f78a4589', 'b411fb2a-1f6b-4f8e-a99b-063bff998519', 'd0d65c6f-5855-4082-b168-04711f09ba28', '7df969fb-9f96-479f-acdb-3aacd70724bc', '2025-12-03 18:03:06.703535+00', 'robot_system');
INSERT INTO public.movements (id, container_id, from_slot, to_slot, "timestamp", moved_by) VALUES ('4b7771fe-ff54-4ae0-8419-4801aec75a02', '4350a66d-00e6-47fa-89b5-fc346f795046', '9264b323-a5c6-40e4-828e-4db2dece9146', '89552f9a-3682-4a12-ba60-90d6b46a0238', '2025-12-03 18:03:37.170855+00', 'robot_system');
INSERT INTO public.movements (id, container_id, from_slot, to_slot, "timestamp", moved_by) VALUES ('71c1c0dc-46e8-45d2-8280-baa8a5df4604', '19b99868-4fc3-41c1-8758-6d4fc8a11059', '81212c3f-74a0-4885-a5f6-47ad34ecb809', '5d8d460f-02f2-4504-9f80-9b74d64f30fc', '2025-12-03 18:04:12.677091+00', 'robot_system');
INSERT INTO public.movements (id, container_id, from_slot, to_slot, "timestamp", moved_by) VALUES ('60a3119d-a4e5-4bfb-a9ae-c1c590ca5c15', 'b411fb2a-1f6b-4f8e-a99b-063bff998519', '7df969fb-9f96-479f-acdb-3aacd70724bc', 'd0d65c6f-5855-4082-b168-04711f09ba28', '2025-12-03 18:08:46.478146+00', 'robot_system');
INSERT INTO public.movements (id, container_id, from_slot, to_slot, "timestamp", moved_by) VALUES ('04816cb6-07ef-48cb-b86a-44bf72f86031', 'b411fb2a-1f6b-4f8e-a99b-063bff998519', 'd0d65c6f-5855-4082-b168-04711f09ba28', '08b0667f-c45c-48d7-98ef-fa64e1ef44d1', '2025-12-03 18:35:41.082623+00', 'robot_system');
INSERT INTO public.movements (id, container_id, from_slot, to_slot, "timestamp", moved_by) VALUES ('e12bad6b-6d80-4717-8835-b9495bb2d783', '4350a66d-00e6-47fa-89b5-fc346f795046', '89552f9a-3682-4a12-ba60-90d6b46a0238', '5a8e44e6-9fcd-49e1-a0c9-45190ff86e4e', '2025-12-03 18:35:51.169656+00', 'robot_system');
INSERT INTO public.movements (id, container_id, from_slot, to_slot, "timestamp", moved_by) VALUES ('4338e34b-50e5-4d83-9e72-1ef5ff208da8', '19b99868-4fc3-41c1-8758-6d4fc8a11059', '5d8d460f-02f2-4504-9f80-9b74d64f30fc', '77e232f8-c719-4e63-bfd0-14bd24d03f5c', '2025-12-03 18:35:59.263868+00', 'robot_system');
INSERT INTO public.movements (id, container_id, from_slot, to_slot, "timestamp", moved_by) VALUES ('01509de1-09f4-4aca-9a2c-01c18bcec744', 'b411fb2a-1f6b-4f8e-a99b-063bff998519', '08b0667f-c45c-48d7-98ef-fa64e1ef44d1', 'd0d65c6f-5855-4082-b168-04711f09ba28', '2025-12-03 18:49:03.354195+00', 'robot_system');
INSERT INTO public.movements (id, container_id, from_slot, to_slot, "timestamp", moved_by) VALUES ('4d231f47-8b52-497d-be54-8fad9e193408', '4350a66d-00e6-47fa-89b5-fc346f795046', '5a8e44e6-9fcd-49e1-a0c9-45190ff86e4e', '9264b323-a5c6-40e4-828e-4db2dece9146', '2025-12-03 18:49:29.966482+00', 'robot_system');
INSERT INTO public.movements (id, container_id, from_slot, to_slot, "timestamp", moved_by) VALUES ('9728a289-1141-458c-adb1-3789e2b00fd9', '19b99868-4fc3-41c1-8758-6d4fc8a11059', '77e232f8-c719-4e63-bfd0-14bd24d03f5c', '81212c3f-74a0-4885-a5f6-47ad34ecb809', '2025-12-03 18:49:57.102598+00', 'robot_system');
INSERT INTO public.movements (id, container_id, from_slot, to_slot, "timestamp", moved_by) VALUES ('c6dcd198-55c2-4e1c-8645-f0625eff5a54', 'b411fb2a-1f6b-4f8e-a99b-063bff998519', 'd0d65c6f-5855-4082-b168-04711f09ba28', '5d8d460f-02f2-4504-9f80-9b74d64f30fc', '2025-12-03 18:51:25.366863+00', 'robot_system');
INSERT INTO public.movements (id, container_id, from_slot, to_slot, "timestamp", moved_by) VALUES ('ea5d5c5a-2885-4f5d-ab19-b15d6cce0605', '4350a66d-00e6-47fa-89b5-fc346f795046', '9264b323-a5c6-40e4-828e-4db2dece9146', '7df969fb-9f96-479f-acdb-3aacd70724bc', '2025-12-03 18:52:04.286678+00', 'robot_system');
INSERT INTO public.movements (id, container_id, from_slot, to_slot, "timestamp", moved_by) VALUES ('7b34aa9a-203b-4b3a-b93a-2b0d0bcfa9af', '19b99868-4fc3-41c1-8758-6d4fc8a11059', '81212c3f-74a0-4885-a5f6-47ad34ecb809', '89552f9a-3682-4a12-ba60-90d6b46a0238', '2025-12-03 18:52:48.192764+00', 'robot_system');
INSERT INTO public.movements (id, container_id, from_slot, to_slot, "timestamp", moved_by) VALUES ('2d59d970-5843-41de-a91b-b2bfcc8289fa', 'b411fb2a-1f6b-4f8e-a99b-063bff998519', '5d8d460f-02f2-4504-9f80-9b74d64f30fc', '08b0667f-c45c-48d7-98ef-fa64e1ef44d1', '2025-12-03 18:53:48.275994+00', 'robot_system');
INSERT INTO public.movements (id, container_id, from_slot, to_slot, "timestamp", moved_by) VALUES ('c33a3a72-d7c8-4642-b31c-c63dea925c1b', '4350a66d-00e6-47fa-89b5-fc346f795046', '7df969fb-9f96-479f-acdb-3aacd70724bc', '5a8e44e6-9fcd-49e1-a0c9-45190ff86e4e', '2025-12-03 18:53:56.30566+00', 'robot_system');
INSERT INTO public.movements (id, container_id, from_slot, to_slot, "timestamp", moved_by) VALUES ('fbedbd1f-3ff1-41ca-9a34-9c6dea275a11', '19b99868-4fc3-41c1-8758-6d4fc8a11059', '89552f9a-3682-4a12-ba60-90d6b46a0238', '65b5560b-17b4-4cce-a5e2-2f4bb3e202bb', '2025-12-03 18:54:10.161575+00', 'robot_system');
INSERT INTO public.movements (id, container_id, from_slot, to_slot, "timestamp", moved_by) VALUES ('9748b4ae-60d7-4b31-9dce-d58bec0a716d', 'b411fb2a-1f6b-4f8e-a99b-063bff998519', '08b0667f-c45c-48d7-98ef-fa64e1ef44d1', 'd0d65c6f-5855-4082-b168-04711f09ba28', '2025-12-03 18:56:46.5821+00', 'robot_system');
INSERT INTO public.movements (id, container_id, from_slot, to_slot, "timestamp", moved_by) VALUES ('1af7c707-c2f9-48b1-97ea-8993d553f668', '4350a66d-00e6-47fa-89b5-fc346f795046', '5a8e44e6-9fcd-49e1-a0c9-45190ff86e4e', '9264b323-a5c6-40e4-828e-4db2dece9146', '2025-12-03 18:57:13.156522+00', 'robot_system');
INSERT INTO public.movements (id, container_id, from_slot, to_slot, "timestamp", moved_by) VALUES ('7d8ade79-001e-4d7e-99d5-cfdb279fc236', '19b99868-4fc3-41c1-8758-6d4fc8a11059', '65b5560b-17b4-4cce-a5e2-2f4bb3e202bb', '81212c3f-74a0-4885-a5f6-47ad34ecb809', '2025-12-03 18:57:53.742902+00', 'robot_system');
INSERT INTO public.movements (id, container_id, from_slot, to_slot, "timestamp", moved_by) VALUES ('085fec0d-eb64-487f-87f6-fde67b6fb919', 'b411fb2a-1f6b-4f8e-a99b-063bff998519', 'd0d65c6f-5855-4082-b168-04711f09ba28', '89552f9a-3682-4a12-ba60-90d6b46a0238', '2025-12-03 18:59:18.197052+00', 'robot_system');
INSERT INTO public.movements (id, container_id, from_slot, to_slot, "timestamp", moved_by) VALUES ('b5fd2bc2-9daf-4c55-8dcf-96cff62e2fea', '4350a66d-00e6-47fa-89b5-fc346f795046', '9264b323-a5c6-40e4-828e-4db2dece9146', '5d8d460f-02f2-4504-9f80-9b74d64f30fc', '2025-12-03 19:00:10.032715+00', 'robot_system');
INSERT INTO public.movements (id, container_id, from_slot, to_slot, "timestamp", moved_by) VALUES ('f181c832-27cc-486b-b252-a063a31c17a3', '19b99868-4fc3-41c1-8758-6d4fc8a11059', '81212c3f-74a0-4885-a5f6-47ad34ecb809', '7df969fb-9f96-479f-acdb-3aacd70724bc', '2025-12-03 19:01:22.058962+00', 'robot_system');
INSERT INTO public.movements (id, container_id, from_slot, to_slot, "timestamp", moved_by) VALUES ('dbcbe2ca-537f-48e8-8b0b-f301eff26b41', 'b411fb2a-1f6b-4f8e-a99b-063bff998519', '89552f9a-3682-4a12-ba60-90d6b46a0238', '08b0667f-c45c-48d7-98ef-fa64e1ef44d1', '2025-12-03 19:05:23.503568+00', 'robot_system');
INSERT INTO public.movements (id, container_id, from_slot, to_slot, "timestamp", moved_by) VALUES ('c4c2544b-1518-494f-80d9-430efc422b54', '4350a66d-00e6-47fa-89b5-fc346f795046', '5d8d460f-02f2-4504-9f80-9b74d64f30fc', '65b5560b-17b4-4cce-a5e2-2f4bb3e202bb', '2025-12-03 19:05:30.698198+00', 'robot_system');
INSERT INTO public.movements (id, container_id, from_slot, to_slot, "timestamp", moved_by) VALUES ('c837fefe-c8ae-4056-a640-e17666108931', '19b99868-4fc3-41c1-8758-6d4fc8a11059', '7df969fb-9f96-479f-acdb-3aacd70724bc', '5a8e44e6-9fcd-49e1-a0c9-45190ff86e4e', '2025-12-03 19:05:37.673973+00', 'robot_system');
INSERT INTO public.movements (id, container_id, from_slot, to_slot, "timestamp", moved_by) VALUES ('b7a2460b-ef91-4c9b-9f88-d00575d2aa60', 'b411fb2a-1f6b-4f8e-a99b-063bff998519', '08b0667f-c45c-48d7-98ef-fa64e1ef44d1', 'd0d65c6f-5855-4082-b168-04711f09ba28', '2025-12-03 19:07:25.477352+00', 'robot_system');
INSERT INTO public.movements (id, container_id, from_slot, to_slot, "timestamp", moved_by) VALUES ('74fa730f-f6a9-4721-aebd-5709372cb8f2', '4350a66d-00e6-47fa-89b5-fc346f795046', '65b5560b-17b4-4cce-a5e2-2f4bb3e202bb', '9264b323-a5c6-40e4-828e-4db2dece9146', '2025-12-03 19:07:53.542229+00', 'robot_system');
INSERT INTO public.movements (id, container_id, from_slot, to_slot, "timestamp", moved_by) VALUES ('37368cbc-6e82-42a0-9ed8-f0b2a79c2214', '19b99868-4fc3-41c1-8758-6d4fc8a11059', '5a8e44e6-9fcd-49e1-a0c9-45190ff86e4e', '81212c3f-74a0-4885-a5f6-47ad34ecb809', '2025-12-03 19:08:26.603958+00', 'robot_system');
INSERT INTO public.movements (id, container_id, from_slot, to_slot, "timestamp", moved_by) VALUES ('f650fdb2-3d72-4c2d-9d14-f2a3a4122aa3', 'b411fb2a-1f6b-4f8e-a99b-063bff998519', 'd0d65c6f-5855-4082-b168-04711f09ba28', '89552f9a-3682-4a12-ba60-90d6b46a0238', '2025-12-03 19:09:50.891465+00', 'robot_system');
INSERT INTO public.movements (id, container_id, from_slot, to_slot, "timestamp", moved_by) VALUES ('68ae9723-c017-4d33-8b52-5fccc7b3eca8', '4350a66d-00e6-47fa-89b5-fc346f795046', '9264b323-a5c6-40e4-828e-4db2dece9146', '5d8d460f-02f2-4504-9f80-9b74d64f30fc', '2025-12-03 19:10:29.161386+00', 'robot_system');
INSERT INTO public.movements (id, container_id, from_slot, to_slot, "timestamp", moved_by) VALUES ('0338f18e-0561-4e22-8c35-dc821530b0ad', '19b99868-4fc3-41c1-8758-6d4fc8a11059', '81212c3f-74a0-4885-a5f6-47ad34ecb809', '7df969fb-9f96-479f-acdb-3aacd70724bc', '2025-12-03 19:11:21.175826+00', 'robot_system');
INSERT INTO public.movements (id, container_id, from_slot, to_slot, "timestamp", moved_by) VALUES ('55038066-135f-4ce8-bb94-a1e2b9071e57', 'b411fb2a-1f6b-4f8e-a99b-063bff998519', '89552f9a-3682-4a12-ba60-90d6b46a0238', '08b0667f-c45c-48d7-98ef-fa64e1ef44d1', '2025-12-03 19:12:11.337143+00', 'robot_system');
INSERT INTO public.movements (id, container_id, from_slot, to_slot, "timestamp", moved_by) VALUES ('6f937783-b52a-4b8d-9133-e94d4c63c5ce', '19b99868-4fc3-41c1-8758-6d4fc8a11059', '7df969fb-9f96-479f-acdb-3aacd70724bc', '5a8e44e6-9fcd-49e1-a0c9-45190ff86e4e', '2025-12-03 19:12:18.495142+00', 'robot_system');
INSERT INTO public.movements (id, container_id, from_slot, to_slot, "timestamp", moved_by) VALUES ('ae5c03ad-0e82-4d09-9802-4520dc4268ba', '4350a66d-00e6-47fa-89b5-fc346f795046', '5d8d460f-02f2-4504-9f80-9b74d64f30fc', '65b5560b-17b4-4cce-a5e2-2f4bb3e202bb', '2025-12-03 19:12:25.726768+00', 'robot_system');


--
-- Data for Name: slots; Type: TABLE DATA; Schema: public; Owner: supabase_admin
--

INSERT INTO public.slots (id, storage_object_id, name, transform_to_object, status, container_id) VALUES ('08b0667f-c45c-48d7-98ef-fa64e1ef44d1', 'b41ad3ad-162b-4801-ab11-557cf26b2883', 'A1', '{"slot": "A1", "translation": [0.125, 0, -0.085], "rotation_RPY": [0, 0, 0]}', 'occupied', 'b411fb2a-1f6b-4f8e-a99b-063bff998519');
INSERT INTO public.slots (id, storage_object_id, name, transform_to_object, status, container_id) VALUES ('7df969fb-9f96-479f-acdb-3aacd70724bc', '5e7b1d78-788e-49a6-8e46-ef8f70ee1648', '1', '{"slot": "1", "translation": [0.18, -0.3688, 0.18], "rotation_RPY": [89, 0, -89]}', 'available', NULL);
INSERT INTO public.slots (id, storage_object_id, name, transform_to_object, status, container_id) VALUES ('5a8e44e6-9fcd-49e1-a0c9-45190ff86e4e', 'b41ad3ad-162b-4801-ab11-557cf26b2883', 'A2', '{"slot": "A2", "translation": [0.125, -0.12, -0.085], "rotation_RPY": [0, 0, 0]}', 'occupied', '19b99868-4fc3-41c1-8758-6d4fc8a11059');
INSERT INTO public.slots (id, storage_object_id, name, transform_to_object, status, container_id) VALUES ('5d8d460f-02f2-4504-9f80-9b74d64f30fc', '5e7b1d78-788e-49a6-8e46-ef8f70ee1648', '3', '{"slot": "3", "translation": [0.18, -0.1038, 0.18], "rotation_RPY": [89, 0, -89]}', 'available', NULL);
INSERT INTO public.slots (id, storage_object_id, name, transform_to_object, status, container_id) VALUES ('65b5560b-17b4-4cce-a5e2-2f4bb3e202bb', 'b41ad3ad-162b-4801-ab11-557cf26b2883', 'B1', '{"slot": "B1", "translation": [0.285, 0, -0.085], "rotation_RPY": [0, 0, 0]}', 'occupied', '4350a66d-00e6-47fa-89b5-fc346f795046');
INSERT INTO public.slots (id, storage_object_id, name, transform_to_object, status, container_id) VALUES ('d0d65c6f-5855-4082-b168-04711f09ba28', '3d1b4309-ab56-4437-bda5-77fdc9b6f3f8', 'M1', '{"slot": "M1", "translation": [0, -0.12, 0], "rotation_RPY": [0, 0, 0]}', 'available', NULL);
INSERT INTO public.slots (id, storage_object_id, name, transform_to_object, status, container_id) VALUES ('9264b323-a5c6-40e4-828e-4db2dece9146', '3d1b4309-ab56-4437-bda5-77fdc9b6f3f8', 'M2', '{"slot": "M2", "translation": [0, 0, 0], "rotation_RPY": [0, 0, 0]}', 'available', NULL);
INSERT INTO public.slots (id, storage_object_id, name, transform_to_object, status, container_id) VALUES ('81212c3f-74a0-4885-a5f6-47ad34ecb809', '3d1b4309-ab56-4437-bda5-77fdc9b6f3f8', 'M3', '{"slot": "M3", "translation": [0, 0.12, 0], "rotation_RPY": [0, 0, 0]}', 'available', NULL);
INSERT INTO public.slots (id, storage_object_id, name, transform_to_object, status, container_id) VALUES ('89552f9a-3682-4a12-ba60-90d6b46a0238', '5e7b1d78-788e-49a6-8e46-ef8f70ee1648', '2', '{"slot": "2", "translation": [0.18, -0.2383, 0.18], "rotation_RPY": [89, 0, -89]}', 'available', NULL);
INSERT INTO public.slots (id, storage_object_id, name, transform_to_object, status, container_id) VALUES ('77e232f8-c719-4e63-bfd0-14bd24d03f5c', 'b41ad3ad-162b-4801-ab11-557cf26b2883', 'B2', '{"slot": "B2", "translation": [0.285, -0.12, -0.085], "rotation_RPY": [0, 0, 0]}', 'available', NULL);


--
-- Data for Name: storage_objects; Type: TABLE DATA; Schema: public; Owner: supabase_admin
--

INSERT INTO public.storage_objects (id, name, location, parent_id, transform_to_parent, description) VALUES ('b41ad3ad-162b-4801-ab11-557cf26b2883', 'storage_jig_A', 'storage', NULL, '{"translation": [0, 0, 0], "rotation_quat": [0, 0, 0, 1]}', 'Storage Jig for Containers');
INSERT INTO public.storage_objects (id, name, location, parent_id, transform_to_parent, description) VALUES ('5e7b1d78-788e-49a6-8e46-ef8f70ee1648', 'storage_ot2', 'opentrons', NULL, '{"translation": [0, 0, 0], "rotation_quat": [0, 0, 0, 1]}', 'The available slots in the Opentrons workspace');
INSERT INTO public.storage_objects (id, name, location, parent_id, transform_to_parent, description) VALUES ('3d1b4309-ab56-4437-bda5-77fdc9b6f3f8', 'storage_mir', 'robot_base', NULL, '{"translation": [0, 0, 0], "rotation_quat": [0, 0, 0, 1]}', 'The storage available on the MiR_Base');


--
-- Name: containers containers_name_key; Type: CONSTRAINT; Schema: public; Owner: supabase_admin
--

ALTER TABLE ONLY public.containers
    ADD CONSTRAINT containers_name_key UNIQUE (name);


--
-- Name: containers containers_pkey; Type: CONSTRAINT; Schema: public; Owner: supabase_admin
--

ALTER TABLE ONLY public.containers
    ADD CONSTRAINT containers_pkey PRIMARY KEY (id);


--
-- Name: movements movements_pkey; Type: CONSTRAINT; Schema: public; Owner: supabase_admin
--

ALTER TABLE ONLY public.movements
    ADD CONSTRAINT movements_pkey PRIMARY KEY (id);


--
-- Name: slots slots_pkey; Type: CONSTRAINT; Schema: public; Owner: supabase_admin
--

ALTER TABLE ONLY public.slots
    ADD CONSTRAINT slots_pkey PRIMARY KEY (id);


--
-- Name: storage_objects storage_objects_name_key; Type: CONSTRAINT; Schema: public; Owner: supabase_admin
--

ALTER TABLE ONLY public.storage_objects
    ADD CONSTRAINT storage_objects_name_key UNIQUE (name);


--
-- Name: storage_objects storage_objects_pkey; Type: CONSTRAINT; Schema: public; Owner: supabase_admin
--

ALTER TABLE ONLY public.storage_objects
    ADD CONSTRAINT storage_objects_pkey PRIMARY KEY (id);


--
-- Name: containers containers_current_slot_id_fkey; Type: FK CONSTRAINT; Schema: public; Owner: supabase_admin
--

ALTER TABLE ONLY public.containers
    ADD CONSTRAINT containers_current_slot_id_fkey FOREIGN KEY (current_slot_id) REFERENCES public.slots(id) ON DELETE SET NULL;


--
-- Name: containers containers_current_storage_object_id_fkey; Type: FK CONSTRAINT; Schema: public; Owner: supabase_admin
--

ALTER TABLE ONLY public.containers
    ADD CONSTRAINT containers_current_storage_object_id_fkey FOREIGN KEY (current_storage_object_id) REFERENCES public.storage_objects(id) ON DELETE SET NULL;


--
-- Name: movements movements_container_id_fkey; Type: FK CONSTRAINT; Schema: public; Owner: supabase_admin
--

ALTER TABLE ONLY public.movements
    ADD CONSTRAINT movements_container_id_fkey FOREIGN KEY (container_id) REFERENCES public.containers(id);


--
-- Name: movements movements_from_slot_fkey; Type: FK CONSTRAINT; Schema: public; Owner: supabase_admin
--

ALTER TABLE ONLY public.movements
    ADD CONSTRAINT movements_from_slot_fkey FOREIGN KEY (from_slot) REFERENCES public.slots(id);


--
-- Name: movements movements_to_slot_fkey; Type: FK CONSTRAINT; Schema: public; Owner: supabase_admin
--

ALTER TABLE ONLY public.movements
    ADD CONSTRAINT movements_to_slot_fkey FOREIGN KEY (to_slot) REFERENCES public.slots(id);


--
-- Name: slots slots_container_id_fkey; Type: FK CONSTRAINT; Schema: public; Owner: supabase_admin
--

ALTER TABLE ONLY public.slots
    ADD CONSTRAINT slots_container_id_fkey FOREIGN KEY (container_id) REFERENCES public.containers(id) ON DELETE SET NULL;


--
-- Name: slots slots_storage_object_id_fkey; Type: FK CONSTRAINT; Schema: public; Owner: supabase_admin
--

ALTER TABLE ONLY public.slots
    ADD CONSTRAINT slots_storage_object_id_fkey FOREIGN KEY (storage_object_id) REFERENCES public.storage_objects(id) ON DELETE CASCADE;


--
-- Name: storage_objects storage_objects_parent_id_fkey; Type: FK CONSTRAINT; Schema: public; Owner: supabase_admin
--

ALTER TABLE ONLY public.storage_objects
    ADD CONSTRAINT storage_objects_parent_id_fkey FOREIGN KEY (parent_id) REFERENCES public.storage_objects(id) ON DELETE CASCADE;


--
-- Name: containers; Type: ROW SECURITY; Schema: public; Owner: supabase_admin
--

ALTER TABLE public.containers ENABLE ROW LEVEL SECURITY;

--
-- Name: movements; Type: ROW SECURITY; Schema: public; Owner: supabase_admin
--

ALTER TABLE public.movements ENABLE ROW LEVEL SECURITY;

--
-- Name: slots; Type: ROW SECURITY; Schema: public; Owner: supabase_admin
--

ALTER TABLE public.slots ENABLE ROW LEVEL SECURITY;

--
-- Name: storage_objects; Type: ROW SECURITY; Schema: public; Owner: supabase_admin
--

ALTER TABLE public.storage_objects ENABLE ROW LEVEL SECURITY;

--
-- Name: SCHEMA public; Type: ACL; Schema: -; Owner: pg_database_owner
--

REVOKE USAGE ON SCHEMA public FROM PUBLIC;
GRANT ALL ON SCHEMA public TO PUBLIC;
GRANT USAGE ON SCHEMA public TO postgres;
GRANT USAGE ON SCHEMA public TO anon;
GRANT USAGE ON SCHEMA public TO authenticated;
GRANT USAGE ON SCHEMA public TO service_role;


--
-- Name: TABLE containers; Type: ACL; Schema: public; Owner: supabase_admin
--

GRANT ALL ON TABLE public.containers TO postgres;
GRANT ALL ON TABLE public.containers TO anon;
GRANT ALL ON TABLE public.containers TO authenticated;
GRANT ALL ON TABLE public.containers TO service_role;


--
-- Name: TABLE movements; Type: ACL; Schema: public; Owner: supabase_admin
--

GRANT ALL ON TABLE public.movements TO postgres;
GRANT ALL ON TABLE public.movements TO anon;
GRANT ALL ON TABLE public.movements TO authenticated;
GRANT ALL ON TABLE public.movements TO service_role;


--
-- Name: TABLE slots; Type: ACL; Schema: public; Owner: supabase_admin
--

GRANT ALL ON TABLE public.slots TO postgres;
GRANT ALL ON TABLE public.slots TO anon;
GRANT ALL ON TABLE public.slots TO authenticated;
GRANT ALL ON TABLE public.slots TO service_role;


--
-- Name: TABLE storage_objects; Type: ACL; Schema: public; Owner: supabase_admin
--

GRANT ALL ON TABLE public.storage_objects TO postgres;
GRANT ALL ON TABLE public.storage_objects TO anon;
GRANT ALL ON TABLE public.storage_objects TO authenticated;
GRANT ALL ON TABLE public.storage_objects TO service_role;


--
-- Name: DEFAULT PRIVILEGES FOR SEQUENCES; Type: DEFAULT ACL; Schema: public; Owner: postgres
--

ALTER DEFAULT PRIVILEGES FOR ROLE postgres IN SCHEMA public GRANT ALL ON SEQUENCES  TO postgres;
ALTER DEFAULT PRIVILEGES FOR ROLE postgres IN SCHEMA public GRANT ALL ON SEQUENCES  TO anon;
ALTER DEFAULT PRIVILEGES FOR ROLE postgres IN SCHEMA public GRANT ALL ON SEQUENCES  TO authenticated;
ALTER DEFAULT PRIVILEGES FOR ROLE postgres IN SCHEMA public GRANT ALL ON SEQUENCES  TO service_role;


--
-- Name: DEFAULT PRIVILEGES FOR SEQUENCES; Type: DEFAULT ACL; Schema: public; Owner: supabase_admin
--

ALTER DEFAULT PRIVILEGES FOR ROLE supabase_admin IN SCHEMA public GRANT ALL ON SEQUENCES  TO postgres;
ALTER DEFAULT PRIVILEGES FOR ROLE supabase_admin IN SCHEMA public GRANT ALL ON SEQUENCES  TO anon;
ALTER DEFAULT PRIVILEGES FOR ROLE supabase_admin IN SCHEMA public GRANT ALL ON SEQUENCES  TO authenticated;
ALTER DEFAULT PRIVILEGES FOR ROLE supabase_admin IN SCHEMA public GRANT ALL ON SEQUENCES  TO service_role;


--
-- Name: DEFAULT PRIVILEGES FOR FUNCTIONS; Type: DEFAULT ACL; Schema: public; Owner: postgres
--

ALTER DEFAULT PRIVILEGES FOR ROLE postgres IN SCHEMA public GRANT ALL ON FUNCTIONS  TO postgres;
ALTER DEFAULT PRIVILEGES FOR ROLE postgres IN SCHEMA public GRANT ALL ON FUNCTIONS  TO anon;
ALTER DEFAULT PRIVILEGES FOR ROLE postgres IN SCHEMA public GRANT ALL ON FUNCTIONS  TO authenticated;
ALTER DEFAULT PRIVILEGES FOR ROLE postgres IN SCHEMA public GRANT ALL ON FUNCTIONS  TO service_role;


--
-- Name: DEFAULT PRIVILEGES FOR FUNCTIONS; Type: DEFAULT ACL; Schema: public; Owner: supabase_admin
--

ALTER DEFAULT PRIVILEGES FOR ROLE supabase_admin IN SCHEMA public GRANT ALL ON FUNCTIONS  TO postgres;
ALTER DEFAULT PRIVILEGES FOR ROLE supabase_admin IN SCHEMA public GRANT ALL ON FUNCTIONS  TO anon;
ALTER DEFAULT PRIVILEGES FOR ROLE supabase_admin IN SCHEMA public GRANT ALL ON FUNCTIONS  TO authenticated;
ALTER DEFAULT PRIVILEGES FOR ROLE supabase_admin IN SCHEMA public GRANT ALL ON FUNCTIONS  TO service_role;


--
-- Name: DEFAULT PRIVILEGES FOR TABLES; Type: DEFAULT ACL; Schema: public; Owner: postgres
--

ALTER DEFAULT PRIVILEGES FOR ROLE postgres IN SCHEMA public GRANT ALL ON TABLES  TO postgres;
ALTER DEFAULT PRIVILEGES FOR ROLE postgres IN SCHEMA public GRANT ALL ON TABLES  TO anon;
ALTER DEFAULT PRIVILEGES FOR ROLE postgres IN SCHEMA public GRANT ALL ON TABLES  TO authenticated;
ALTER DEFAULT PRIVILEGES FOR ROLE postgres IN SCHEMA public GRANT ALL ON TABLES  TO service_role;


--
-- Name: DEFAULT PRIVILEGES FOR TABLES; Type: DEFAULT ACL; Schema: public; Owner: supabase_admin
--

ALTER DEFAULT PRIVILEGES FOR ROLE supabase_admin IN SCHEMA public GRANT ALL ON TABLES  TO postgres;
ALTER DEFAULT PRIVILEGES FOR ROLE supabase_admin IN SCHEMA public GRANT ALL ON TABLES  TO anon;
ALTER DEFAULT PRIVILEGES FOR ROLE supabase_admin IN SCHEMA public GRANT ALL ON TABLES  TO authenticated;
ALTER DEFAULT PRIVILEGES FOR ROLE supabase_admin IN SCHEMA public GRANT ALL ON TABLES  TO service_role;


--
-- PostgreSQL database dump complete
--

